Country,Year,OFR_forecast,PriceIndex_forecast
Afghanistan,2019,10145.588235294117,1193.540365921365
Afghanistan,2020,10291.176470588236,1202.1658492578285
Afghanistan,2021,10436.764705882353,1210.7913325942923
Afghanistan,2022,10582.35294117647,1219.4168159307558
Afghanistan,2023,10727.941176470587,1228.0422992672193
Afghanistan,2024,10873.529411764706,1236.667782603683
Afghanistan,2025,11019.117647058823,1245.2932659401467
Albania,2019,1006.8088235294119,575.9456342580519
Albania,2020,1019.950980392157,579.7293186405536
Albania,2021,1033.093137254902,583.5130030230555
Albania,2022,1046.2352941176473,587.2966874055572
Albania,2023,1059.3774509803923,591.0803717880591
Albania,2024,1072.5196078431375,594.8640561705608
Albania,2025,1085.6617647058827,598.6477405530627
Algeria,2019,429.03975436328375,3255.8709224034956
Algeria,2020,433.80844645550525,3274.066221957061
Algeria,2021,438.57713854772675,3292.261521510626
Algeria,2022,443.34583063994825,3310.4568210641924
Algeria,2023,448.11452273216975,3328.6521206177576
Algeria,2024,452.88321482439125,3346.847420171323
Algeria,2025,457.6519069166128,3365.0427197248882
American Samoa,2019,3083.6911764705883,402.3543970457806
American Samoa,2020,3128.3823529411766,405.2912904548739
American Samoa,2021,3173.073529411765,408.22818386396716
American Samoa,2022,3217.764705882353,411.16507727306055
American Samoa,2023,3262.455882352941,414.10197068215376
American Samoa,2024,3307.1470588235293,417.0388640912471
American Samoa,2025,3351.8382352941176,419.97575750034036
Andorra,2019,0.0,0.0
Andorra,2020,0.0,0.0
Andorra,2021,0.0,0.0
Andorra,2022,0.0,0.0
Andorra,2023,0.0,0.0
Andorra,2024,0.0,0.0
Andorra,2025,0.0,0.0
Angola,2019,322.19070106490875,289.4266542487842
Angola,2020,325.410856152806,290.88026473686693
Angola,2021,328.6310112407032,292.33387522494957
Angola,2022,331.8511663286004,293.7874857130322
Angola,2023,335.07132141649765,295.24109620111483
Angola,2024,338.2914765043949,296.6947066891976
Angola,2025,341.51163159229213,298.1483171772802
Anguilla,2019,769.1470588235294,402.3543970457806
Anguilla,2020,780.2941176470588,405.2912904548739
Anguilla,2021,791.4411764705883,408.2281838639673
Anguilla,2022,802.5882352941177,411.16507727306055
Anguilla,2023,813.7352941176471,414.1019706821538
Anguilla,2024,824.8823529411765,417.0388640912471
Anguilla,2025,836.0294117647059,419.97575750034036
Antigua and Barbuda,2019,3220.220588235294,908.579190088365
Antigua and Barbuda,2020,3265.4411764705883,915.0037511910305
Antigua and Barbuda,2021,3310.6617647058824,921.4283122936962
Antigua and Barbuda,2022,3355.8823529411766,927.8528733963617
Antigua and Barbuda,2023,3401.1029411764707,934.2774344990274
Antigua and Barbuda,2024,3446.323529411765,940.7019956016932
Antigua and Barbuda,2025,3491.5441176470586,947.1265567043587
Argentina,2019,1445.2385314193937,459.3506919973285
Argentina,2020,1464.7347420196747,462.4700432892684
Argentina,2021,1484.2309526199558,465.58939458120824
Argentina,2022,1503.727163220237,468.70874587314813
Argentina,2023,1523.223373820518,471.82809716508797
Argentina,2024,1542.719584420799,474.94744845702786
Argentina,2025,1562.21579502108,478.0667997489676
Armenia,2019,251.16754269044085,402.3543970457806
Armenia,2020,254.80765200479507,405.2912904548739
Armenia,2021,258.44776131914927,408.22818386396716
Armenia,2022,262.0878706335035,411.16507727306043
Armenia,2023,265.7279799478577,414.1019706821538
Armenia,2024,269.3680892622119,417.0388640912471
Armenia,2025,273.00819857656614,419.97575750034036
Aruba,2019,50.397058823529406,402.3543970457806
Aruba,2020,51.127450980392155,405.2912904548739
Aruba,2021,51.8578431372549,408.2281838639673
Aruba,2022,52.588235294117645,411.16507727306043
Aruba,2023,53.31862745098039,414.10197068215376
Aruba,2024,54.049019607843135,417.0388640912471
Aruba,2025,54.779411764705884,419.97575750034036
Australia,2019,831.872711924649,316.9643243563427
Australia,2020,842.4795628221077,318.9980276303872
Australia,2021,853.0864137195664,321.03173090443164
Australia,2022,863.6932646170251,323.0654341784762
Australia,2023,874.3001155144838,325.0991374525208
Australia,2024,884.9069664119424,327.1328407265653
Australia,2025,895.5138173094011,329.16654400060986
Austria,2019,42.005656108597286,107.15016041496382
Austria,2020,41.165158371040725,106.08878685727983
Austria,2021,40.324660633484164,105.02741329959584
Austria,2022,39.484162895927604,103.96603974191186
Austria,2023,38.64366515837104,102.90466618422788
Austria,2024,37.80316742081448,101.84329262654389
Austria,2025,36.96266968325792,100.78191906885989
Azerbaijan,2019,3.701265929910458,402.3543970457806
Azerbaijan,2020,3.7549074651265517,405.2912904548739
Azerbaijan,2021,3.8085490003426457,408.22818386396716
Azerbaijan,2022,3.862190535558739,411.16507727306043
Azerbaijan,2023,3.9158320707748326,414.1019706821538
Azerbaijan,2024,3.969473605990926,417.0388640912471
Azerbaijan,2025,4.02311514120702,419.97575750034036
BES,2019,27.100840336134453,402.3543970457806
BES,2020,27.493606138107417,405.2912904548739
BES,2021,27.88637194008038,408.22818386396716
BES,2022,28.279137742053344,411.16507727306055
BES,2023,28.671903544026307,414.1019706821538
BES,2024,29.06466934599927,417.0388640912471
BES,2025,29.45743514797223,419.97575750034036
BLM,2019,101.47058823529412,402.3543970457806
BLM,2020,102.94117647058823,405.2912904548739
BLM,2021,104.41176470588235,408.22818386396716
BLM,2022,105.88235294117646,411.16507727306043
BLM,2023,107.3529411764706,414.1019706821538
BLM,2024,108.82352941176471,417.0388640912471
BLM,2025,110.29411764705883,419.97575750034036
Bahamas,2019,1844.4485294117649,552.889022825429
Bahamas,2020,1869.7303921568628,556.7043974322671
Bahamas,2021,1895.012254901961,560.5197720391052
Bahamas,2022,1920.294117647059,564.3351466459433
Bahamas,2023,1945.575980392157,568.1505212527815
Bahamas,2024,1970.857843137255,571.9658958596195
Bahamas,2025,1996.139705882353,575.7812704664576
Bahrain,2019,1901.1029411764705,604.0415781633686
Bahrain,2020,1927.2058823529412,608.2171162852263
Bahrain,2021,1953.3088235294117,612.3926544070838
Bahrain,2022,1979.4117647058824,616.5681925289415
Bahrain,2023,2005.514705882353,620.7437306507991
Bahrain,2024,2031.6176470588234,624.9192687726567
Bahrain,2025,2057.720588235294,629.0948068945142
Bangladesh,2019,2166.3447676502915,487.39029006735126
Bangladesh,2020,2196.2917932684118,490.78251943497554
Bangladesh,2021,2226.2388188865316,494.17474880259965
Bangladesh,2022,2256.185844504652,497.56697817022393
Bangladesh,2023,2286.132870122772,500.95920753784816
Bangladesh,2024,2316.0798957408924,504.35143690547244
Bangladesh,2025,2346.0269213590122,507.74366627309655
Barbados,2019,57.70094297260889,179.18390263636348
Barbados,2020,57.08791316061772,178.23708408783398
Barbados,2021,56.47488334862654,177.29026553930444
Barbados,2022,55.861853536635365,176.34344699077494
Barbados,2023,55.24882372464419,175.39662844224543
Barbados,2024,54.635793912653014,174.44980989371592
Barbados,2025,54.02276410066184,173.5029913451864
Belarus,2019,52.7593653250774,402.3543970457806
Belarus,2020,53.52399380804953,405.2912904548739
Belarus,2021,54.28862229102167,408.22818386396716
Belarus,2022,55.05325077399381,411.16507727306055
Belarus,2023,55.817879256965945,414.1019706821538
Belarus,2024,56.58250773993808,417.0388640912471
Belarus,2025,57.347136222910216,419.97575750034036
Belgium,2019,38.69369460112812,65.17451010317073
Belgium,2020,37.80519742143432,64.43472456906599
Belgium,2021,36.91670024174053,63.69493903496127
Belgium,2022,36.028203062046735,62.95515350085655
Belgium,2023,35.13970588235294,62.21536796675182
Belgium,2024,34.25120870265914,61.47558243264709
Belgium,2025,33.36271152296535,60.73579689854236
Belize,2019,54962.61029411764,6806.618870652332
Belize,2020,55757.72058823529,6856.2111666520805
Belize,2021,56552.83088235294,6905.803462651829
Belize,2022,57347.94117647058,6955.395758651578
Belize,2023,58143.05147058823,7004.988054651327
Belize,2024,58938.161764705874,7054.580350651076
Belize,2025,59733.272058823524,7104.172646650824
Benin,2019,505.5041443850268,268.55731102324194
Benin,2020,511.3810160427808,270.1275304221832
Benin,2021,517.2578877005349,271.6977498211246
Benin,2022,523.1347593582889,273.26796922006594
Benin,2023,529.0116310160429,274.83818861900727
Benin,2024,534.8885026737969,276.40840801794855
Benin,2025,540.7653743315509,277.9786274168899
Bermuda,2019,70.37058823529412,146.66010899566024
Bermuda,2020,69.94117647058823,146.21399924289204
Bermuda,2021,69.51176470588236,145.76788949012388
Bermuda,2022,69.08235294117647,145.3217797373557
Bermuda,2023,68.65294117647059,144.87566998458755
Bermuda,2024,68.2235294117647,144.42956023181938
Bermuda,2025,67.79411764705883,143.9834504790512
Bhutan,2019,440.9411764705883,441.3240249213561
Bhutan,2020,445.8823529411765,443.81069101294406
Bhutan,2021,450.82352941176475,446.29735710453207
Bhutan,2022,455.764705882353,448.78402319612013
Bhutan,2023,460.7058823529412,451.27068928770814
Bhutan,2024,465.6470588235295,453.7573553792961
Bhutan,2025,470.5882352941177,456.2440214708841
Bolivia (Plurinat.State),2019,2129.4117647058824,683.0023161415687
Bolivia (Plurinat.State),2020,2158.823529411765,687.7519845431095
Bolivia (Plurinat.State),2021,2188.235294117647,692.5016529446502
Bolivia (Plurinat.State),2022,2217.6470588235293,697.251321346191
Bolivia (Plurinat.State),2023,2247.0588235294117,702.0009897477319
Bolivia (Plurinat.State),2024,2276.470588235294,706.7506581492728
Bolivia (Plurinat.State),2025,2305.8823529411766,711.5003265508136
Bosnia and Herzegovina,2019,459.39420544337133,402.3543970457806
Bosnia and Herzegovina,2020,466.05209247878247,405.2912904548739
Bosnia and Herzegovina,2021,472.70997951419366,408.22818386396716
Bosnia and Herzegovina,2022,479.36786654960486,411.16507727306043
Bosnia and Herzegovina,2023,486.02575358501605,414.1019706821538
Bosnia and Herzegovina,2024,492.68364062042724,417.0388640912471
Bosnia and Herzegovina,2025,499.3415276558384,419.97575750034036
Botswana,2019,16.455882352941178,183.00325113152232
Botswana,2020,15.245098039215687,176.5096721874789
Botswana,2021,14.034313725490197,170.01609324343553
Botswana,2022,12.823529411764707,163.52251429939216
Botswana,2023,11.612745098039216,157.02893535534878
Botswana,2024,10.401960784313726,150.53535641130537
Botswana,2025,9.191176470588236,144.041777467262
Brazil,2019,873.4047143351136,314.0900265703728
Brazil,2020,884.6134783109848,316.1184660879518
Brazil,2021,895.822242286856,318.1469056055307
Brazil,2022,907.0310062627273,320.1753451231098
Brazil,2023,918.2397702385985,322.20378464068875
Brazil,2024,929.4485342144696,324.2322241582678
Brazil,2025,940.6572981903408,326.2606636758468
British Indian Ocean Ter,2019,36.23949579831933,402.3543970457806
British Indian Ocean Ter,2020,36.76470588235294,405.2912904548739
British Indian Ocean Ter,2021,37.28991596638656,408.2281838639673
British Indian Ocean Ter,2022,37.81512605042017,411.16507727306043
British Indian Ocean Ter,2023,38.340336134453786,414.1019706821538
British Indian Ocean Ter,2024,38.865546218487395,417.0388640912471
British Indian Ocean Ter,2025,39.39075630252101,419.97575750034036
British Virgin Islands,2019,1209.0735294117646,1686.0241519042802
British Virgin Islands,2020,1225.1470588235295,1697.3062206930801
British Virgin Islands,2021,1241.2205882352941,1708.5882894818799
British Virgin Islands,2022,1257.2941176470588,1719.87035827068
British Virgin Islands,2023,1273.3676470588234,1731.1524270594798
British Virgin Islands,2024,1289.4411764705883,1742.43449584828
British Virgin Islands,2025,1305.514705882353,1753.71656463708
Brunei Darussalam,2019,2799.320588235294,1038.4744039122402
Brunei Darussalam,2020,2838.441176470588,1045.7818198851771
Brunei Darussalam,2021,2877.561764705882,1053.0892358581143
Brunei Darussalam,2022,2916.6823529411763,1060.3966518310513
Brunei Darussalam,2023,2955.8029411764705,1067.7040678039884
Brunei Darussalam,2024,2994.9235294117643,1075.0114837769254
Brunei Darussalam,2025,3034.0441176470586,1082.3188997498628
Bulgaria,2019,217.55367647058824,256.26840946688986
Bulgaria,2020,219.25735294117646,257.2757808461989
Bulgaria,2021,220.9610294117647,258.28315222550805
Bulgaria,2022,222.66470588235293,259.2905236048171
Bulgaria,2023,224.36838235294118,260.29789498412623
Bulgaria,2024,226.0720588235294,261.30526636343535
Bulgaria,2025,227.77573529411765,262.3126377427444
Burkina Faso,2019,3530.5937500000005,653.757544105034
Burkina Faso,2020,3580.3125000000005,658.3933784865209
Burkina Faso,2021,3630.0312500000005,663.029212868008
Burkina Faso,2022,3679.7500000000005,667.6650472494952
Burkina Faso,2023,3729.4687500000005,672.3008816309821
Burkina Faso,2024,3779.1875000000005,676.9367160124692
Burkina Faso,2025,3828.9062500000005,681.5725503939564
Burundi,2019,1303.3217993079586,1704.326501805966
Burundi,2020,1320.7612456747406,1715.805901989189
Burundi,2021,1338.2006920415226,1727.2853021724115
Burundi,2022,1355.6401384083047,1738.7647023556347
Burundi,2023,1373.0795847750867,1750.244102538858
Burundi,2024,1390.5190311418687,1761.7235027220806
Burundi,2025,1407.9584775086507,1773.2029029053035
CUW,2019,174.26610491981518,402.3543970457806
CUW,2020,176.79170064329074,405.2912904548739
CUW,2021,179.31729636676633,408.22818386396716
CUW,2022,181.84289209024192,411.16507727306043
CUW,2023,184.3684878137175,414.1019706821538
CUW,2024,186.89408353719307,417.0388640912471
CUW,2025,189.41967926066866,419.97575750034036
Cambodia,2019,4783.907720588235,1043.5283409087485
Cambodia,2020,4851.79044117647,1050.9849771687395
Cambodia,2021,4919.673161764706,1058.4416134287305
Cambodia,2022,4987.555882352941,1065.8982496887215
Cambodia,2023,5055.438602941176,1073.3548859487125
Cambodia,2024,5123.3213235294115,1080.8115222087038
Cambodia,2025,5191.204044117647,1088.2681584686948
Cameroon,2019,1309.6954545454544,394.6834172180747
Cameroon,2020,1327.2272727272725,397.3428686596315
Cameroon,2021,1344.7590909090907,400.0023201011884
Cameroon,2022,1362.2909090909088,402.6617715427452
Cameroon,2023,1379.8227272727272,405.32122298430215
Cameroon,2024,1397.3545454545454,407.980674425859
Cameroon,2025,1414.8863636363635,410.6401258674158
Canada,2019,107.8242179401768,108.9553545153065
Canada,2020,107.9376124030779,109.01267667426596
Canada,2021,108.05100686597902,109.0699988332254
Canada,2022,108.16440132888013,109.12732099218485
Canada,2023,108.27779579178124,109.18464315114431
Canada,2024,108.39119025468236,109.24196531010377
Canada,2025,108.50458471758347,109.2992874690632
Cape Verde,2019,2995.970588235294,959.0747683869489
Cape Verde,2020,3037.9411764705883,965.8400005160655
Cape Verde,2021,3079.9117647058824,972.6052326451822
Cape Verde,2022,3121.8823529411766,979.3704647742989
Cape Verde,2023,3163.8529411764707,986.1356969034156
Cape Verde,2024,3205.823529411765,992.9009290325322
Cape Verde,2025,3247.7941176470586,999.6661611616489
Cayman Islands,2019,25.36764705882353,402.3543970457806
Cayman Islands,2020,25.735294117647058,405.2912904548739
Cayman Islands,2021,26.102941176470587,408.22818386396716
Cayman Islands,2022,26.470588235294116,411.16507727306043
Cayman Islands,2023,26.83823529411765,414.1019706821538
Cayman Islands,2024,27.205882352941178,417.0388640912471
Cayman Islands,2025,27.573529411764707,419.97575750034036
Central African Republic,2019,2960.455882352941,614.8991280477245
Central African Republic,2020,3001.9117647058824,619.2347649538171
Central African Republic,2021,3043.3676470588234,623.5704018599098
Central African Republic,2022,3084.823529411765,627.9060387660024
Central African Republic,2023,3126.279411764706,632.2416756720949
Central African Republic,2024,3167.735294117647,636.5773125781875
Central African Republic,2025,3209.1911764705883,640.91294948428
Chad,2019,361.9632352941176,226.26478467300157
Chad,2020,365.75980392156856,227.45766637482717
Chad,2021,369.55637254901956,228.65054807665274
Chad,2022,373.35294117647055,229.8434297784783
Chad,2023,377.14950980392155,231.0363114803039
Chad,2024,380.9460784313725,232.22919318212948
Chad,2025,384.7426470588235,233.42207488395505
Chile,2019,2592.165810013326,825.0485483811603
Chile,2020,2628.2841550859825,830.8368455204997
Chile,2021,2664.4025001586397,836.6251426598392
Chile,2022,2700.5208452312963,842.4134397991786
Chile,2023,2736.6391903039535,848.2017369385181
Chile,2024,2772.75753537661,853.9900340778573
Chile,2025,2808.8758804492672,859.7783312171969
China,2019,8591.38941748648,1003.5556989074867
China,2020,8714.453032232661,1010.7950455385638
China,2021,8837.516646978842,1018.0343921696409
China,2022,8960.580261725023,1025.273738800718
China,2023,9083.643876471204,1032.5130854317954
China,2024,9206.707491217385,1039.7524320628727
China,2025,9329.771105963566,1046.99177869395
"China, Hong Kong SAR",2019,370.3431232692792,209.33652000230666
"China, Hong Kong SAR",2020,374.2611395485441,210.44973832460735
"China, Hong Kong SAR",2021,378.17915582780904,211.56295664690805
"China, Hong Kong SAR",2022,382.09717210707396,212.67617496920872
"China, Hong Kong SAR",2023,386.0151883863389,213.7893932915094
"China, Hong Kong SAR",2024,389.9332046656038,214.90261161381017
"China, Hong Kong SAR",2025,393.8512209448687,216.01582993611086
"China, Macao SAR",2019,29.591836734693878,66.85533578867157
"China, Macao SAR",2020,28.57142857142857,65.72219450411781
"China, Macao SAR",2021,27.551020408163264,64.58905321956405
"China, Macao SAR",2022,26.53061224489796,63.455911935010306
"China, Macao SAR",2023,25.51020408163265,62.32277065045655
"China, Macao SAR",2024,24.489795918367346,61.189629365902796
"China, Macao SAR",2025,23.46938775510204,60.05648808134904
Colombia,2019,1280.1283088235296,539.3975474511616
Colombia,2020,1297.231617647059,543.0251238150022
Colombia,2021,1314.3349264705882,546.6527001788429
Colombia,2022,1331.4382352941177,550.2802765426837
Colombia,2023,1348.5415441176472,553.9078529065243
Colombia,2024,1365.6448529411766,557.5354292703652
Colombia,2025,1382.748161764706,561.1630056342059
Comoros,2019,1589.1264529764,677.5066762619372
Comoros,2020,1610.7079957731596,682.1386564862639
Comoros,2021,1632.289538569919,686.7706367105905
Comoros,2022,1653.8710813666785,691.4026169349172
Comoros,2023,1675.4526241634378,696.034597159244
Comoros,2024,1697.0341669601974,700.6665773835707
Comoros,2025,1718.6157097569567,705.2985576078975
"Congo, Dem. Rep. of the",2019,561.1663286004057,282.29522331030057
"Congo, Dem. Rep. of the",2020,567.8498985801217,283.98638220743516
"Congo, Dem. Rep. of the",2021,574.5334685598377,285.6775411045697
"Congo, Dem. Rep. of the",2022,581.2170385395538,287.36870000170416
"Congo, Dem. Rep. of the",2023,587.9006085192698,289.0598588988387
"Congo, Dem. Rep. of the",2024,594.5841784989858,290.7510177959732
"Congo, Dem. Rep. of the",2025,601.2677484787018,292.44217669310774
"Congo, Republic of",2019,1429.9170168067226,411.80185986576936
"Congo, Republic of",2020,1449.1911764705883,414.5960747913972
"Congo, Republic of",2021,1468.4653361344538,417.3902897170251
"Congo, Republic of",2022,1487.7394957983192,420.18450464265305
"Congo, Republic of",2023,1507.013655462185,422.9787195682809
"Congo, Republic of",2024,1526.2878151260504,425.7729344939088
"Congo, Republic of",2025,1545.561974789916,428.56714941953663
Cook Islands,2019,644.0273109243697,484.3866499268553
Cook Islands,2020,651.9117647058823,487.3699440614906
Cook Islands,2021,659.7962184873949,490.35323819612586
Cook Islands,2022,667.6806722689075,493.3365323307612
Cook Islands,2023,675.5651260504201,496.31982646539643
Cook Islands,2024,683.4495798319327,499.30312060003166
Cook Islands,2025,691.3340336134453,502.286414734667
Costa Rica,2019,6998.5794117647065,1108.4085746911362
Costa Rica,2020,7098.558823529412,1116.3827134720432
Costa Rica,2021,7198.538235294118,1124.35685225295
Costa Rica,2022,7298.517647058824,1132.3309910338571
Costa Rica,2023,7398.49705882353,1140.305129814764
Costa Rica,2024,7498.476470588235,1148.2792685956713
Costa Rica,2025,7598.455882352941,1156.2534073765783
Croatia,2019,218.25709198084246,402.3543970457806
Croatia,2020,221.42023824143436,405.2912904548739
Croatia,2021,224.5833845020263,408.22818386396716
Croatia,2022,227.7465307626182,411.16507727306043
Croatia,2023,230.90967702321012,414.1019706821538
Croatia,2024,234.07282328380205,417.0388640912471
Croatia,2025,237.23596954439395,419.97575750034036
Cuba,2019,529.1688175270108,329.4399913234547
Cuba,2020,535.3886554621849,331.38755210135264
Cuba,2021,541.608493397359,333.3351128792506
Cuba,2022,547.828331332533,335.2826736571485
Cuba,2023,554.0481692677071,337.2302344350464
Cuba,2024,560.2680072028811,339.1777952129443
Cuba,2025,566.4878451380553,341.12535599084225
Cyprus,2019,1785.4264705882354,1402.546679734134
Cyprus,2020,1809.8529411764705,1412.206901229004
Cyprus,2021,1834.2794117647059,1421.8671227238742
Cyprus,2022,1858.7058823529412,1431.5273442187442
Cyprus,2023,1883.1323529411766,1441.1875657136147
Cyprus,2024,1907.5588235294117,1450.8477872084848
Cyprus,2025,1931.985294117647,1460.5080087033548
Czech Republic,2019,110.02067749881357,402.3543970457806
Czech Republic,2020,111.61518007126014,405.2912904548739
Czech Republic,2021,113.20968264370671,408.22818386396716
Czech Republic,2022,114.80418521615329,411.16507727306043
Czech Republic,2023,116.39868778859986,414.10197068215376
Czech Republic,2024,117.99319036104643,417.0388640912471
Czech Republic,2025,119.58769293349302,419.97575750034036
Czechoslovakia,2019,0.0,143.61992821181107
Czechoslovakia,2020,0.0,143.61992821181107
Czechoslovakia,2021,0.0,143.61992821181107
Czechoslovakia,2022,0.0,143.61992821181107
Czechoslovakia,2023,0.0,143.61992821181107
Czechoslovakia,2024,0.0,143.61992821181107
Czechoslovakia,2025,0.0,143.61992821181107
Côte d'Ivoire,2019,737.9140046747176,312.107558078037
Côte d'Ivoire,2020,747.1591351772498,314.07503986640126
Côte d'Ivoire,2021,756.4042656797819,316.0425216547655
Côte d'Ivoire,2022,765.649396182314,318.0100034431297
Côte d'Ivoire,2023,774.8945266848461,319.977485231494
Côte d'Ivoire,2024,784.1396571873784,321.9449670198582
Côte d'Ivoire,2025,793.3847876899105,323.91244880822245
Denmark,2019,341.29639963788463,222.29278622630986
Denmark,2020,344.79344890799894,223.43749789004497
Denmark,2021,348.2904981781132,224.58220955378
Denmark,2022,351.7875474482275,225.72692121751504
Denmark,2023,355.28459671834173,226.8716328812501
Denmark,2024,358.78164598845603,228.0163445449852
Denmark,2025,362.2786952585703,229.16105620872025
Djibouti,2019,425.1117647058823,440.1325172384985
Djibouti,2020,429.8235294117647,442.5852339802425
Djibouti,2021,434.535294117647,445.0379507219863
Djibouti,2022,439.2470588235294,447.4906674637301
Djibouti,2023,443.95882352941175,449.943384205474
Djibouti,2024,448.6705882352941,452.3961009472178
Djibouti,2025,453.38235294117646,454.8488176889618
Dominica,2019,127.3970588235294,162.8045668123957
Dominica,2020,127.79411764705883,163.05866955266595
Dominica,2021,128.19117647058823,163.31277229293613
Dominica,2022,128.58823529411765,163.56687503320637
Dominica,2023,128.98529411764707,163.8209777734766
Dominica,2024,129.38235294117646,164.07508051374683
Dominica,2025,129.77941176470588,164.32918325401707
Dominican Republic,2019,2711.514705882353,846.3135656636749
Dominican Republic,2020,2749.3627450980393,852.2616121278637
Dominican Republic,2021,2787.210784313726,858.2096585920526
Dominican Republic,2022,2825.058823529412,864.1577050562415
Dominican Republic,2023,2862.9068627450984,870.1057515204304
Dominican Republic,2024,2900.7549019607845,876.0537979846193
Dominican Republic,2025,2938.6029411764707,882.0018444488081
Ecuador,2019,12496.429831932774,1867.551439315878
Ecuador,2020,12676.088235294117,1881.0733265669494
Ecuador,2021,12855.746638655462,1894.5952138180203
Ecuador,2022,13035.405042016806,1908.1171010690912
Ecuador,2023,13215.063445378151,1921.638988320162
Ecuador,2024,13394.721848739495,1935.1608755712334
Ecuador,2025,13574.38025210084,1948.6827628223045
Egypt,2019,4470.5000334985925,734.7932938958614
Egypt,2020,4533.840613694225,740.0359182191323
Egypt,2021,4597.181193889856,745.2785425424034
Egypt,2022,4660.521774085488,750.5211668656744
Egypt,2023,4723.86235428112,755.7637911889453
Egypt,2024,4787.202934476752,761.0064155122163
Egypt,2025,4850.543514672384,766.2490398354875
El Salvador,2019,2527.054705882353,788.0532111600489
El Salvador,2020,2562.229411764706,793.5762038958801
El Salvador,2021,2597.404117647059,799.0991966317112
El Salvador,2022,2632.5788235294117,804.6221893675421
El Salvador,2023,2667.7535294117647,810.145182103373
El Salvador,2024,2702.9282352941177,815.6681748392042
El Salvador,2025,2738.1029411764707,821.1911675750353
Equatorial Guinea,2019,6518.014705882353,1834.6229017460728
Equatorial Guinea,2020,6611.029411764706,1847.8073810570158
Equatorial Guinea,2021,6704.044117647059,1860.9918603679591
Equatorial Guinea,2022,6797.058823529412,1874.1763396789022
Equatorial Guinea,2023,6890.073529411765,1887.3608189898457
Equatorial Guinea,2024,6983.088235294118,1900.545298300789
Equatorial Guinea,2025,7076.10294117647,1913.7297776117323
Eritrea,2019,918.5758513931888,402.3543970457806
Eritrea,2020,931.8885448916408,405.2912904548739
Eritrea,2021,945.2012383900928,408.22818386396716
Eritrea,2022,958.5139318885448,411.16507727306043
Eritrea,2023,971.8266253869969,414.1019706821538
Eritrea,2024,985.1393188854488,417.0388640912471
Eritrea,2025,998.4520123839009,419.97575750034036
Estonia,2019,22.310764660631435,402.3543970457806
Estonia,2020,22.634109076002904,405.2912904548739
Estonia,2021,22.957453491374377,408.22818386396716
Estonia,2022,23.280797906745846,411.16507727306055
Estonia,2023,23.604142322117315,414.1019706821538
Estonia,2024,23.927486737488785,417.0388640912471
Estonia,2025,24.250831152860258,419.97575750034036
Ethiopia,2019,1937.6661764705882,649.889677280036
Ethiopia,2020,1964.299019607843,654.3868872564008
Ethiopia,2021,1990.931862745098,658.8840972327655
Ethiopia,2022,2017.5647058823529,663.3813072091302
Ethiopia,2023,2044.1975490196078,667.8785171854951
Ethiopia,2024,2070.8303921568627,672.3757271618599
Ethiopia,2025,2097.4632352941176,676.8729371382245
Falkland Is.(Malvinas),2019,1227134.5588235294,402.3543970457806
Falkland Is.(Malvinas),2020,1244919.1176470588,405.2912904548739
Falkland Is.(Malvinas),2021,1262703.6764705882,408.22818386396716
Falkland Is.(Malvinas),2022,1280488.2352941176,411.16507727306043
Falkland Is.(Malvinas),2023,1298272.794117647,414.10197068215376
Falkland Is.(Malvinas),2024,1316057.3529411764,417.0388640912471
Falkland Is.(Malvinas),2025,1333841.9117647058,419.97575750034036
Faroe Islands,2019,767.5786425339365,312.34449620653083
Faroe Islands,2020,777.2536953242835,314.3254760079545
Faroe Islands,2021,786.9287481146304,316.3064558093782
Faroe Islands,2022,796.6038009049773,318.2874356108019
Faroe Islands,2023,806.2788536953242,320.2684154122255
Faroe Islands,2024,815.9539064856712,322.2493952136492
Faroe Islands,2025,825.628959276018,324.2303750150729
"Fiji, Republic of",2019,2254.5757352941177,580.5736662573939
"Fiji, Republic of",2020,2285.801470588235,584.6221567176981
"Fiji, Republic of",2021,2317.027205882353,588.6706471780024
"Fiji, Republic of",2022,2348.2529411764704,592.7191376383065
"Fiji, Republic of",2023,2379.478676470588,596.7676280986107
"Fiji, Republic of",2024,2410.7044117647056,600.8161185589148
"Fiji, Republic of",2025,2441.9301470588234,604.864609019219
Finland,2019,577.0749484004127,269.20745105389364
Finland,2020,583.9890780873752,270.829903284411
Finland,2021,590.9032077743377,272.4523555149284
Finland,2022,597.8173374613002,274.0748077454458
Finland,2023,604.7314671482627,275.6972599759633
Finland,2024,611.6455968352252,277.31971220648063
Finland,2025,618.5597265221877,278.94216443699804
France,2019,137.38919790060456,126.72850400230375
France,2020,137.93107033394665,126.97891077523902
France,2021,138.47294276728874,127.22931754817427
France,2022,139.01481520063084,127.47972432110953
France,2023,139.55668763397293,127.73013109404478
France,2024,140.09856006731505,127.98053786698003
France,2025,140.64043250065714,128.23094463991532
French Guiana,2019,465.80147058823536,266.48599724230235
French Guiana,2020,471.10294117647067,268.01116774177217
French Guiana,2021,476.40441176470597,269.5363382412419
French Guiana,2022,481.7058823529412,271.0615087407116
French Guiana,2023,487.0073529411765,272.58667924018135
French Guiana,2024,492.3088235294118,274.1118497396511
French Guiana,2025,497.61029411764713,275.63702023912083
French Polynesia,2019,971.2941176470588,381.2909451681988
French Polynesia,2020,983.9215686274509,383.7856760241374
French Polynesia,2021,996.5490196078431,386.28040688007593
French Polynesia,2022,1009.1764705882352,388.77513773601447
French Polynesia,2023,1021.8039215686274,391.269868591953
French Polynesia,2024,1034.4313725490197,393.7645994478916
French Polynesia,2025,1047.0588235294117,396.25933030383015
French Southern Terr,2019,140.58823529411765,151.24020509274868
French Southern Terr,2020,141.1764705882353,151.55727051223033
French Southern Terr,2021,141.76470588235293,151.87433593171198
French Southern Terr,2022,142.35294117647058,152.19140135119363
French Southern Terr,2023,142.94117647058823,152.50846677067528
French Southern Terr,2024,143.52941176470588,152.82553219015693
French Southern Terr,2025,144.11764705882354,153.14259760963859
Gabon,2019,980.9338235294117,343.9635080475389
Gabon,2020,993.7009803921568,346.21656584747876
Gabon,2021,1006.4681372549019,348.4696236474187
Gabon,2022,1019.2352941176471,350.7226814473587
Gabon,2023,1032.002450980392,352.9757392472985
Gabon,2024,1044.7696078431372,355.2287970472386
Gabon,2025,1057.5367647058824,357.48185484717845
Gambia,2019,1794.59506302521,517.772204660161
Gambia,2020,1819.1544117647059,521.339516097521
Gambia,2021,1843.7137605042017,524.9068275348809
Gambia,2022,1868.2731092436975,528.4741389722409
Gambia,2023,1892.8324579831933,532.0414504096008
Gambia,2024,1917.3918067226891,535.6087618469608
Gambia,2025,1941.9511554621847,539.1760732843206
Georgia,2019,106.7973083680439,402.3543970457806
Georgia,2020,108.34509544584164,405.2912904548739
Georgia,2021,109.89288252363937,408.22818386396716
Georgia,2022,111.44066960143712,411.16507727306055
Georgia,2023,112.98845667923486,414.1019706821538
Georgia,2024,114.5362437570326,417.0388640912471
Georgia,2025,116.08403083483033,419.97575750034036
Germany,2019,51.73191379437596,76.62989517337465
Germany,2020,51.03237631313504,76.1152662170106
Germany,2021,50.33283883189411,75.60063726064654
Germany,2022,49.633301350653184,75.08600830428249
Germany,2023,48.93376386941225,74.57137934791842
Germany,2024,48.23422638817132,74.05675039155436
Germany,2025,47.5346889069304,73.54212143519031
Ghana,2019,2873.9331801470585,650.1304824689228
Ghana,2020,2914.1351102941176,654.7096760361969
Ghana,2021,2954.337040441176,659.2888696034712
Ghana,2022,2994.5389705882353,663.8680631707454
Ghana,2023,3034.740900735294,668.4472567380195
Ghana,2024,3074.9428308823526,673.0264503052938
Ghana,2025,3115.1447610294117,677.6056438725681
Gibraltar,2019,100.0,100.0
Gibraltar,2020,100.0,100.0
Gibraltar,2021,100.0,100.0
Gibraltar,2022,100.0,100.0
Gibraltar,2023,100.0,100.0
Gibraltar,2024,100.0,100.0
Gibraltar,2025,100.0,100.0
Greece,2019,150.76258687913204,152.75520999905203
Greece,2020,151.498276544047,153.12882821112802
Greece,2021,152.23396620896196,153.50244642320402
Greece,2022,152.96965587387692,153.87606463528002
Greece,2023,153.70534553879187,154.24968284735596
Greece,2024,154.44103520370683,154.62330105943195
Greece,2025,155.1767248686218,154.99691927150795
Greenland,2019,1187.1645685511558,394.5940685013691
Greenland,2020,1202.9205767910275,397.2300806388053
Greenland,2021,1218.6765850308993,399.86609277624143
Greenland,2022,1234.4325932707713,402.5021049136776
Greenland,2023,1250.1886015106431,405.1381170511138
Greenland,2024,1265.944609750515,407.77412918854986
Greenland,2025,1281.7006179903867,410.410141325986
Grenada,2019,867.7941176470588,490.62364688929995
Grenada,2020,878.9215686274509,493.78950060441036
Grenada,2021,890.0490196078431,496.95535431952084
Grenada,2022,901.1764705882352,500.1212080346313
Grenada,2023,912.3039215686274,503.2870617497417
Grenada,2024,923.4313725490196,506.4529154648523
Grenada,2025,934.5588235294117,509.6187691799628
Guadeloupe,2019,209.85882352941178,173.90556471455778
Guadeloupe,2020,211.45098039215688,174.56777006874464
Guadeloupe,2021,213.04313725490198,175.2299754229315
Guadeloupe,2022,214.63529411764708,175.8921807771183
Guadeloupe,2023,216.22745098039218,176.55438613130517
Guadeloupe,2024,217.81960784313728,177.21659148549205
Guadeloupe,2025,219.41176470588238,177.8787968396789
Guam,2019,487.05882352941177,402.3543970457806
Guam,2020,494.11764705882354,405.2912904548739
Guam,2021,501.1764705882353,408.22818386396716
Guam,2022,508.2352941176471,411.16507727306055
Guam,2023,515.2941176470588,414.10197068215376
Guam,2024,522.3529411764706,417.0388640912471
Guam,2025,529.4117647058823,419.97575750034036
Guatemala,2019,22994.808823529413,2942.0195310599283
Guatemala,2020,23326.617647058825,2963.4000586094344
Guatemala,2021,23658.426470588234,2984.78058615894
Guatemala,2022,23990.235294117647,3006.161113708446
Guatemala,2023,24322.04411764706,3027.541641257952
Guatemala,2024,24653.852941176472,3048.922168807458
Guatemala,2025,24985.66176470588,3070.302696356964
Guinea,2019,29151.33382352941,2401.3448771413323
Guinea,2020,29572.36764705882,2418.812376734002
Guinea,2021,29993.401470588236,2436.2798763266724
Guinea,2022,30414.435294117648,2453.7473759193426
Guinea,2023,30835.46911764706,2471.214875512013
Guinea,2024,31256.50294117647,2488.6823751046827
Guinea,2025,31677.53676470588,2506.149874697353
Guinea-Bissau,2019,2278.235294117647,632.1032305842572
Guinea-Bissau,2020,2309.803921568627,636.5131894231038
Guinea-Bissau,2021,2341.3725490196075,640.9231482619506
Guinea-Bissau,2022,2372.9411764705883,645.3331071007973
Guinea-Bissau,2023,2404.5098039215686,649.743065939644
Guinea-Bissau,2024,2436.078431372549,654.1530247784907
Guinea-Bissau,2025,2467.6470588235293,658.5629836173374
Guyana,2019,4198.194117647059,858.6059374534148
Guyana,2020,4257.588235294118,864.7227874046014
Guyana,2021,4316.982352941177,870.8396373557879
Guyana,2022,4376.376470588236,876.9564873069743
Guyana,2023,4435.770588235295,883.0733372581609
Guyana,2024,4495.164705882353,889.1901872093471
Guyana,2025,4554.558823529412,895.3070371605337
Haiti,2019,899.0808823529412,311.5737349407388
Haiti,2020,910.6617647058823,313.59340211856227
Haiti,2021,922.2426470588235,315.6130692963858
Haiti,2022,933.8235294117648,317.63273647420925
Haiti,2023,945.4044117647059,319.6524036520328
Haiti,2024,956.9852941176471,321.6720708298563
Haiti,2025,968.5661764705883,323.69173800767976
Honduras,2019,15340.882352941175,2056.880692817642
Honduras,2020,15561.764705882351,2071.7958433994495
Honduras,2021,15782.647058823528,2086.7109939812567
Honduras,2022,16003.529411764704,2101.626144563064
Honduras,2023,16224.411764705881,2116.5412951448716
Honduras,2024,16445.294117647056,2131.4564457266792
Honduras,2025,16666.176470588234,2146.3715963084865
Hungary,2019,156.44301470588235,155.52413126898188
Hungary,2020,157.2610294117647,155.93180209874478
Hungary,2021,158.07904411764707,156.3394729285077
Hungary,2022,158.89705882352942,156.74714375827057
Hungary,2023,159.71507352941177,157.15481458803347
Hungary,2024,160.53308823529412,157.56248541779632
Hungary,2025,161.35110294117646,157.9701562475592
Iceland,2019,330.6582106606517,239.03044058813398
Iceland,2020,334.00108327892207,240.24484854777035
Iceland,2021,337.34395589719236,241.45925650740674
Iceland,2022,340.6868285154627,242.67366446704315
Iceland,2023,344.029701133733,243.88807242667954
Iceland,2024,347.3725737520033,245.1024803863159
Iceland,2025,350.71544637027364,246.3168883459523
India,2019,999.4405214198837,350.8309783640794
India,2020,1012.4758912955341,353.1338821743165
India,2021,1025.5112611711845,355.4367859845537
India,2022,1038.546631046835,357.73968979479093
India,2023,1051.5820009224856,360.0425936050282
India,2024,1064.617370798136,362.3454974152653
India,2025,1077.6527406737866,364.6484012255025
Indonesia,2019,8412.841680672269,1427.7501101918265
Indonesia,2020,8533.317647058822,1438.046873962373
Indonesia,2021,8653.793613445378,1448.3436377329194
Indonesia,2022,8774.269579831933,1458.6404015034661
Indonesia,2023,8894.745546218486,1468.9371652740126
Indonesia,2024,9015.221512605041,1479.2339290445593
Indonesia,2025,9135.697478991597,1489.530692815106
Iran (Islamic Rep. of),2019,6429.29194008622,1093.3169885575014
Iran (Islamic Rep. of),2020,6521.020808783122,1101.1723868053346
Iran (Islamic Rep. of),2021,6612.749677480024,1109.0277850531675
Iran (Islamic Rep. of),2022,6704.478546176926,1116.8831833010006
Iran (Islamic Rep. of),2023,6796.2074148738275,1124.7385815488335
Iran (Islamic Rep. of),2024,6887.936283570729,1132.5939797966666
Iran (Islamic Rep. of),2025,6979.665152267631,1140.4493780444996
Iraq,2019,729.5025354969574,494.5856084869492
Iraq,2020,738.6257606490872,497.6977350896585
Iraq,2021,747.748985801217,500.8098616923679
Iraq,2022,756.8722109533468,503.92198829507714
Iraq,2023,765.9954361054766,507.03411489778654
Iraq,2024,775.1186612576065,510.1462415004959
Iraq,2025,784.2418864097363,513.2583681032053
Ireland,2019,1698.0437756497947,489.4603951348046
Ireland,2020,1721.203830369357,492.82125288993717
Ireland,2021,1744.3638850889192,496.18211064506966
Ireland,2022,1767.5239398084816,499.5429684002022
Ireland,2023,1790.6839945280437,502.9038261553346
Ireland,2024,1813.844049247606,506.26468391046717
Ireland,2025,1837.0041039671682,509.62554166559977
Isle of Man,2019,126.99117647058823,181.98436049638207
Isle of Man,2020,127.38235294117646,182.2650800420382
Isle of Man,2021,127.7735294117647,182.54579958769438
Isle of Man,2022,128.16470588235293,182.8265191333505
Isle of Man,2023,128.55588235294118,183.10723867900666
Isle of Man,2024,128.9470588235294,183.38795822466278
Isle of Man,2025,129.33823529411765,183.66867777031894
Israel,2019,331.0179050123919,195.1771419438085
Israel,2020,334.3659905922816,196.1692202082347
Israel,2021,337.71407617217136,197.16129847266095
Israel,2022,341.0621617520611,198.1533767370872
Israel,2023,344.4102473319508,199.1454550015134
Israel,2024,347.75833291184057,200.13753326593965
Israel,2025,351.1064184917303,201.1296115303659
Italy,2019,110.44276693095992,134.31950621870163
Italy,2020,110.5941113792347,134.41160120233423
Italy,2021,110.74545582750947,134.50369618596687
Italy,2022,110.89680027578426,134.59579116959947
Italy,2023,111.04814472405904,134.6878861532321
Italy,2024,111.19948917233383,134.77998113686473
Italy,2025,111.35083362060861,134.87207612049735
Jamaica,2019,318.14147058823534,226.024632875383
Jamaica,2020,321.3029411764706,227.15327921300963
Jamaica,2021,324.4644117647059,228.2819255506363
Jamaica,2022,327.6258823529412,229.41057188826292
Jamaica,2023,330.7873529411765,230.53921822588956
Jamaica,2024,333.9488235294118,231.6678645635162
Jamaica,2025,337.1102941176471,232.79651090114285
Japan,2019,138.80819662471728,121.823311595363
Japan,2020,139.37063425695956,122.0706208776758
Japan,2021,139.93307188920184,122.31793015998858
Japan,2022,140.49550952144412,122.56523944230138
Japan,2023,141.0579471536864,122.81254872461417
Japan,2024,141.62038478592868,123.05985800692699
Japan,2025,142.18282241817096,123.30716728923979
Jordan,2019,1797.6029411764705,402.1887516194358
Jordan,2020,1822.2058823529412,404.9599996021843
Jordan,2021,1846.8088235294117,407.7312475849328
Jordan,2022,1871.4117647058824,410.5024955676813
Jordan,2023,1896.014705882353,413.2737435504298
Jordan,2024,1920.6176470588234,416.04499153317823
Jordan,2025,1945.2205882352941,418.8162395159268
Kazakhstan,2019,40.107895498034054,402.3543970457806
Kazakhstan,2020,40.689169345831644,405.2912904548739
Kazakhstan,2021,41.27044319362924,408.22818386396716
Kazakhstan,2022,41.85171704142684,411.16507727306055
Kazakhstan,2023,42.432990889224435,414.1019706821538
Kazakhstan,2024,43.014264737022025,417.0388640912471
Kazakhstan,2025,43.59553858481962,419.97575750034036
Kenya,2019,771.6928751698699,351.87672489460283
Kenya,2020,781.427554520158,354.11022321274925
Kenya,2021,791.1622338704459,356.3437215308957
Kenya,2022,800.8969132207338,358.57721984904214
Kenya,2023,810.6315925710219,360.81071816718867
Kenya,2024,820.3662719213098,363.04421648533514
Kenya,2025,830.1009512715978,365.27771480348156
Kiribati,2019,20348.151470588236,2000.2805993318264
Kiribati,2020,20641.602941176472,2014.8089126091788
Kiribati,2021,20935.054411764708,2029.3372258865309
Kiribati,2022,21228.505882352943,2043.8655391638836
Kiribati,2023,21521.95735294118,2058.3938524412356
Kiribati,2024,21815.40882352941,2072.9221657185876
Kiribati,2025,22108.860294117647,2087.4504789959406
"Korea, Dem. People's Rep",2019,843.3629952115012,341.3340024157603
"Korea, Dem. People's Rep",2020,854.136371953697,343.5281693468111
"Korea, Dem. People's Rep",2021,864.9097486958926,345.7223362778618
"Korea, Dem. People's Rep",2022,875.6831254380883,347.9165032089126
"Korea, Dem. People's Rep",2023,886.4565021802839,350.11067013996336
"Korea, Dem. People's Rep",2024,897.2298789224797,352.30483707101416
"Korea, Dem. People's Rep",2025,908.0032556646753,354.49900400206485
"Korea, Republic of",2019,1630.5426294352628,439.4104644615135
"Korea, Republic of",2020,1652.7244066734552,442.41978693564414
"Korea, Republic of",2021,1674.9061839116473,445.42910940977464
"Korea, Republic of",2022,1697.0879611498397,448.43843188390525
"Korea, Republic of",2023,1719.2697383880318,451.44775435803575
"Korea, Republic of",2024,1741.451515626224,454.45707683216636
"Korea, Republic of",2025,1763.6332928644163,457.46639930629686
Kuwait,2019,308.8264705882352,356.13997876054435
Kuwait,2020,311.85294117647055,357.8936408994073
Kuwait,2021,314.8794117647058,359.64730303827014
Kuwait,2022,317.90588235294115,361.4009651771331
Kuwait,2023,320.9323529411764,363.15462731599604
Kuwait,2024,323.9588235294117,364.9082894548589
Kuwait,2025,326.985294117647,366.6619515937218
Kyrgyzstan,2019,56.96189839572193,402.3543970457806
Kyrgyzstan,2020,57.787433155080215,405.2912904548739
Kyrgyzstan,2021,58.61296791443851,408.22818386396716
Kyrgyzstan,2022,59.4385026737968,411.16507727306055
Kyrgyzstan,2023,60.26403743315508,414.10197068215376
Kyrgyzstan,2024,61.08957219251337,417.0388640912471
Kyrgyzstan,2025,61.915106951871664,419.97575750034036
Lao People's Dem. Rep.,2019,2270.202205882353,559.8567648777785
Lao People's Dem. Rep.,2020,2301.654411764706,563.7620469543087
Lao People's Dem. Rep.,2021,2333.106617647059,567.667329030839
Lao People's Dem. Rep.,2022,2364.5588235294117,571.5726111073693
Lao People's Dem. Rep.,2023,2396.011029411765,575.4778931838996
Lao People's Dem. Rep.,2024,2427.4632352941176,579.3831752604297
Lao People's Dem. Rep.,2025,2458.9154411764707,583.28845733696
Latvia,2019,25.261819936248873,402.3543970457806
Latvia,2020,25.627933268658275,405.2912904548739
Latvia,2021,25.99404660106768,408.22818386396716
Latvia,2022,26.360159933477085,411.16507727306055
Latvia,2023,26.726273265886487,414.1019706821538
Latvia,2024,27.092386598295892,417.0388640912471
Latvia,2025,27.458499930705294,419.97575750034036
Lebanon,2019,241.17095588235293,185.361311191718
Lebanon,2020,243.21691176470588,186.15090989715918
Lebanon,2021,245.2628676470588,186.9405086026004
Lebanon,2022,247.30882352941177,187.7301073080416
Lebanon,2023,249.3547794117647,188.5197060134828
Lebanon,2024,251.40073529411765,189.30930471892398
Lebanon,2025,253.44669117647058,190.09890342436518
Lesotho,2019,25895.29411764706,402.3543970457806
Lesotho,2020,26270.58823529412,405.2912904548739
Lesotho,2021,26645.882352941175,408.22818386396716
Lesotho,2022,27021.176470588234,411.16507727306043
Lesotho,2023,27396.470588235294,414.1019706821538
Lesotho,2024,27771.764705882353,417.0388640912471
Lesotho,2025,28147.058823529413,419.97575750034036
Liberia,2019,726.8345588235294,373.7241940214204
Liberia,2020,735.9191176470588,376.0744333366798
Liberia,2021,745.0036764705883,378.4246726519392
Liberia,2022,754.0882352941177,380.77491196719853
Liberia,2023,763.1727941176471,383.125151282458
Liberia,2024,772.2573529411765,385.47539059771736
Liberia,2025,781.3419117647059,387.8256299129768
Libyan Arab Jamahiriya,2019,1414.4674601358054,688.5877839591333
Libyan Arab Jamahiriya,2020,1433.5177131812518,693.2562216645762
Libyan Arab Jamahiriya,2021,1452.5679662266982,697.9246593700192
Libyan Arab Jamahiriya,2022,1471.6182192721449,702.5930970754621
Libyan Arab Jamahiriya,2023,1490.6684723175913,707.2615347809051
Libyan Arab Jamahiriya,2024,1509.7187253630377,711.9299724863482
Libyan Arab Jamahiriya,2025,1528.7689784084841,716.5984101917911
Liechtenstein,2019,0.0,0.0
Liechtenstein,2020,0.0,0.0
Liechtenstein,2021,0.0,0.0
Liechtenstein,2022,0.0,0.0
Liechtenstein,2023,0.0,0.0
Liechtenstein,2024,0.0,0.0
Liechtenstein,2025,0.0,0.0
Lithuania,2019,18.17462806373877,402.3543970457806
Lithuania,2020,18.43802847045962,405.2912904548739
Lithuania,2021,18.701428877180472,408.22818386396716
Lithuania,2022,18.964829283901324,411.16507727306043
Lithuania,2023,19.228229690622175,414.10197068215376
Lithuania,2024,19.491630097343027,417.0388640912471
Lithuania,2025,19.75503050406388,419.97575750034036
Luxembourg,2019,0.0,0.0
Luxembourg,2020,0.0,0.0
Luxembourg,2021,0.0,0.0
Luxembourg,2022,0.0,0.0
Luxembourg,2023,0.0,0.0
Luxembourg,2024,0.0,0.0
Luxembourg,2025,0.0,0.0
MAF,2019,101.47058823529412,402.3543970457806
MAF,2020,102.94117647058823,405.2912904548739
MAF,2021,104.41176470588235,408.22818386396716
MAF,2022,105.88235294117646,411.16507727306043
MAF,2023,107.3529411764706,414.1019706821538
MAF,2024,108.82352941176471,417.0388640912471
MAF,2025,110.29411764705883,419.97575750034036
"Macedonia, Fmr Yug Rp of",2019,12.98526723303581,402.3543970457806
"Macedonia, Fmr Yug Rp of",2020,13.173459511775459,405.2912904548739
"Macedonia, Fmr Yug Rp of",2021,13.36165179051511,408.22818386396716
"Macedonia, Fmr Yug Rp of",2022,13.549844069254759,411.16507727306055
"Macedonia, Fmr Yug Rp of",2023,13.738036347994408,414.1019706821538
"Macedonia, Fmr Yug Rp of",2024,13.926228626734057,417.0388640912471
"Macedonia, Fmr Yug Rp of",2025,14.114420905473706,419.97575750034036
Madagascar,2019,763.5552908314163,298.0490404338603
Madagascar,2020,773.1720341767992,299.9378527992324
Madagascar,2021,782.788777522182,301.8266651646046
Madagascar,2022,792.4055208675649,303.7154775299768
Madagascar,2023,802.0222642129477,305.6042898953489
Madagascar,2024,811.6390075583306,307.4931022607211
Madagascar,2025,821.2557509037134,309.38191462609325
Malawi,2019,2341.1098529411765,625.0719916338463
Malawi,2020,2373.589705882353,629.4383103974808
Malawi,2021,2406.0695588235294,633.804629161115
Malawi,2022,2438.549411764706,638.1709479247495
Malawi,2023,2471.0292647058823,642.5372666883839
Malawi,2024,2503.5091176470587,646.9035854520183
Malawi,2025,2535.9889705882356,651.2699042156527
Malaysia,2019,1080.61978349346,356.20821240097376
Malaysia,2020,1094.8316644136553,358.5660714683211
Malaysia,2021,1109.0435453338503,360.92393053566843
Malaysia,2022,1123.2554262540455,363.2817896030158
Malaysia,2023,1137.4673071742404,365.63964867036316
Malaysia,2024,1151.6791880944356,367.99750773771046
Malaysia,2025,1165.8910690146306,370.35536680505777
Maldives,2019,1275.4775735294118,407.94376846622214
Maldives,2020,1292.513480392157,410.6864336366757
Maldives,2021,1309.5493872549018,413.4290988071291
Maldives,2022,1326.585294117647,416.17176397758266
Maldives,2023,1343.6212009803921,418.91442914803616
Maldives,2024,1360.6571078431373,421.65709431848967
Maldives,2025,1377.6930147058822,424.39975948894323
Mali,2019,158.02764705882353,149.0611078375042
Mali,2020,158.8686274509804,149.4587974837735
Mali,2021,159.70960784313726,149.85648713004284
Mali,2022,160.55058823529413,150.2541767763122
Mali,2023,161.391568627451,150.65186642258155
Mali,2024,162.23254901960783,151.04955606885085
Mali,2025,163.0735294117647,151.4472457151202
Malta,2019,1093.3970588235295,768.4894288006168
Malta,2020,1107.7941176470588,773.5824146646718
Malta,2021,1122.1911764705883,778.6754005287269
Malta,2022,1136.5882352941176,783.7683863927818
Malta,2023,1150.985294117647,788.861372256837
Malta,2024,1165.3823529411766,793.954358120892
Malta,2025,1179.7794117647059,799.047343984947
Marshall Islands,2019,78842.64705882352,402.3543970457806
Marshall Islands,2020,79985.29411764706,405.2912904548739
Marshall Islands,2021,81127.94117647059,408.22818386396716
Marshall Islands,2022,82270.58823529411,411.16507727306043
Marshall Islands,2023,83413.23529411765,414.1019706821538
Marshall Islands,2024,84555.88235294117,417.0388640912471
Marshall Islands,2025,85698.5294117647,419.97575750034036
Martinique,2019,38.73109243697479,102.64738609874297
Martinique,2020,37.84313725490196,101.4840661819255
Martinique,2021,36.95518207282913,100.32074626510803
Martinique,2022,36.0672268907563,99.15742634829054
Martinique,2023,35.17927170868347,97.99410643147307
Martinique,2024,34.29131652661064,96.8307865146556
Martinique,2025,33.403361344537814,95.66746659783813
Mauritania,2019,213.98952205882352,806.525681142189
Mauritania,2020,215.64154411764707,809.6509773287177
Mauritania,2021,217.2935661764706,812.7762735152464
Mauritania,2022,218.9455882352941,815.9015697017751
Mauritania,2023,220.59761029411766,819.0268658883037
Mauritania,2024,222.24963235294118,822.1521620748324
Mauritania,2025,223.9016544117647,825.2774582613611
Mauritius,2019,1537.1786764705882,476.77272032301966
Mauritius,2020,1558.0073529411764,480.02487407488445
Mauritius,2021,1578.8360294117647,483.2770278267492
Mauritius,2022,1599.6647058823528,486.52918157861393
Mauritius,2023,1620.4933823529411,489.7813353304787
Mauritius,2024,1641.3220588235292,493.03348908234335
Mauritius,2025,1662.1507352941176,496.2856428342081
Mayotte,2019,1153.7205882352941,402.3543970457806
Mayotte,2020,1170.4411764705883,405.2912904548739
Mayotte,2021,1187.1617647058824,408.2281838639673
Mayotte,2022,1203.8823529411766,411.16507727306055
Mayotte,2023,1220.6029411764705,414.10197068215376
Mayotte,2024,1237.3235294117646,417.0388640912471
Mayotte,2025,1254.0441176470588,419.97575750034036
Mexico,2019,1774.6265794087421,480.2607306920837
Mexico,2020,1798.8965298349558,483.5673859118326
Mexico,2021,1823.1664802611695,486.8740411315814
Mexico,2022,1847.436430687383,490.1806963513303
Mexico,2023,1871.7063811135968,493.48735157107916
Mexico,2024,1895.9763315398104,496.79400679082795
Mexico,2025,1920.246281966024,500.10066201057685
"Micronesia, Fed.States of",2019,131826.5294117647,402.3543970457806
"Micronesia, Fed.States of",2020,133737.0588235294,405.2912904548739
"Micronesia, Fed.States of",2021,135647.58823529413,408.22818386396716
"Micronesia, Fed.States of",2022,137558.11764705883,411.16507727306043
"Micronesia, Fed.States of",2023,139468.64705882352,414.10197068215376
"Micronesia, Fed.States of",2024,141379.17647058822,417.03886409124704
"Micronesia, Fed.States of",2025,143289.70588235295,419.97575750034036
"Moldova, Republic of",2019,147.61930800672584,402.3543970457806
"Moldova, Republic of",2020,149.75871826769287,405.2912904548739
"Moldova, Republic of",2021,151.89812852865992,408.2281838639673
"Moldova, Republic of",2022,154.03753878962695,411.16507727306043
"Moldova, Republic of",2023,156.176949050594,414.1019706821538
"Moldova, Republic of",2024,158.31635931156103,417.0388640912471
"Moldova, Republic of",2025,160.45576957252808,419.97575750034036
Monaco,2019,101.47058823529412,402.3543970457806
Monaco,2020,102.94117647058823,405.2912904548739
Monaco,2021,104.41176470588235,408.22818386396716
Monaco,2022,105.88235294117646,411.16507727306043
Monaco,2023,107.3529411764706,414.1019706821538
Monaco,2024,108.82352941176471,417.0388640912471
Monaco,2025,110.29411764705883,419.97575750034036
Mongolia,2019,10.147058823529411,402.3543970457806
Mongolia,2020,10.294117647058824,405.2912904548739
Mongolia,2021,10.441176470588236,408.22818386396716
Mongolia,2022,10.588235294117647,411.16507727306043
Mongolia,2023,10.735294117647058,414.10197068215376
Mongolia,2024,10.882352941176471,417.0388640912471
Mongolia,2025,11.029411764705882,419.97575750034036
Montenegro,2019,129.0805299755685,402.3543970457806
Montenegro,2020,130.951262294055,405.2912904548739
Montenegro,2021,132.82199461254152,408.2281838639673
Montenegro,2022,134.692726931028,411.16507727306043
Montenegro,2023,136.5634592495145,414.10197068215376
Montenegro,2024,138.434191568001,417.0388640912471
Montenegro,2025,140.3049238864875,419.97575750034036
Montserrat,2019,59.411764705882355,158.9742251027237
Montserrat,2020,58.8235294117647,158.1911008411339
Montserrat,2021,58.23529411764706,157.40797657954414
Montserrat,2022,57.64705882352941,156.62485231795435
Montserrat,2023,57.05882352941177,155.8417280563646
Montserrat,2024,56.470588235294116,155.05860379477483
Montserrat,2025,55.88235294117647,154.27547953318506
Morocco,2019,987.1130308162591,383.26043209228874
Morocco,2020,999.969741407799,385.77269142477184
Morocco,2021,1012.826451999339,388.284950757255
Morocco,2022,1025.683162590879,390.79721008973814
Morocco,2023,1038.539873182419,393.3094694222213
Morocco,2024,1051.396583773959,395.8217287547044
Morocco,2025,1064.253294365499,398.3339880871876
Mozambique,2019,4013.378277817151,767.6263297845488
Mozambique,2020,4070.093905031892,773.0888373364285
Mozambique,2021,4126.809532246633,778.5513448883079
Mozambique,2022,4183.525159461375,784.0138524401874
Mozambique,2023,4240.240786676116,789.4763599920669
Mozambique,2024,4296.956413890857,794.9388675439465
Mozambique,2025,4353.6720411055985,800.4013750958259
Myanmar,2019,4841.941380718954,878.2194099827751
Myanmar,2020,4910.665168845316,884.4964320088943
Myanmar,2021,4979.3889569716775,890.7734540350136
Myanmar,2022,5048.112745098038,897.0504760611326
Myanmar,2023,5116.8365332244,903.3274980872519
Myanmar,2024,5185.560321350762,909.6045201133711
Myanmar,2025,5254.284109477124,915.8815421394904
Namibia,2019,9949.881176470588,402.3543970457806
Namibia,2020,10094.082352941177,405.2912904548739
Namibia,2021,10238.283529411765,408.22818386396716
Namibia,2022,10382.484705882353,411.16507727306043
Namibia,2023,10526.685882352942,414.1019706821538
Namibia,2024,10670.88705882353,417.0388640912471
Namibia,2025,10815.088235294119,419.97575750034036
Nauru,2019,537.7941176470588,402.3543970457806
Nauru,2020,545.5882352941177,405.2912904548739
Nauru,2021,553.3823529411765,408.22818386396716
Nauru,2022,561.1764705882352,411.16507727306043
Nauru,2023,568.9705882352941,414.1019706821538
Nauru,2024,576.7647058823529,417.0388640912471
Nauru,2025,584.5588235294117,419.97575750034036
Nepal,2019,16450.970588235294,1514.633870813554
Nepal,2020,16687.941176470587,1525.6219008917765
Nepal,2021,16924.91176470588,1536.6099309699994
Nepal,2022,17161.882352941175,1547.5979610482218
Nepal,2023,17398.85294117647,1558.5859911264447
Nepal,2024,17635.823529411762,1569.5740212046671
Nepal,2025,17872.794117647056,1580.56205128289
Netherlands,2019,200.5124725565902,156.23826612118853
Netherlands,2020,201.96917505741035,156.8078626223883
Netherlands,2021,203.42587755823052,157.37745912358807
Netherlands,2022,204.88258005905067,157.94705562478785
Netherlands,2023,206.3392825598708,158.5166521259876
Netherlands,2024,207.79598506069095,159.0862486271874
Netherlands,2025,209.2526875615111,159.6558451283871
Netherlands Antilles,2019,0.0,3704.1682069527087
Netherlands Antilles,2020,0.0,3704.1682069527087
Netherlands Antilles,2021,0.0,3704.1682069527087
Netherlands Antilles,2022,0.0,3704.1682069527087
Netherlands Antilles,2023,0.0,3704.1682069527087
Netherlands Antilles,2024,0.0,3704.1682069527087
Netherlands Antilles,2025,0.0,3704.1682069527087
New Caledonia,2019,1182.6911764705883,592.0239854780873
New Caledonia,2020,1198.3823529411766,595.9775062317854
New Caledonia,2021,1214.0735294117646,599.9310269854833
New Caledonia,2022,1229.764705882353,603.8845477391814
New Caledonia,2023,1245.4558823529412,607.8380684928794
New Caledonia,2024,1261.1470588235295,611.7915892465776
New Caledonia,2025,1276.8382352941176,615.7451100002754
New Zealand,2019,1527.2584342560556,434.3746918571603
New Zealand,2020,1547.9433391003463,437.33629265622733
New Zealand,2021,1568.6282439446368,440.29789345529423
New Zealand,2022,1589.3131487889275,443.25949425436113
New Zealand,2023,1609.9980536332182,446.22109505342814
New Zealand,2024,1630.682958477509,449.18269585249504
New Zealand,2025,1651.3678633217994,452.14429665156194
Nicaragua,2019,5535.1705882352935,1307.5021120895567
Nicaragua,2020,5613.941176470588,1316.8722662146117
Nicaragua,2021,5692.711764705882,1326.2424203396663
Nicaragua,2022,5771.482352941176,1335.612574464721
Nicaragua,2023,5850.25294117647,1344.982728589776
Nicaragua,2024,5929.023529411765,1354.352882714831
Nicaragua,2025,6007.794117647059,1363.7230368398855
Niger,2019,1591.2117647058822,1016.3780080272763
Niger,2020,1612.8235294117646,1023.3274007772629
Niger,2021,1634.435294117647,1030.2767935272493
Niger,2022,1656.0470588235294,1037.226186277236
Niger,2023,1677.6588235294116,1044.1755790272223
Niger,2024,1699.270588235294,1051.1249717772087
Niger,2025,1720.8823529411764,1058.074364527195
Nigeria,2019,2965.2199264705882,605.9608252425234
Nigeria,2020,3006.7448529411768,610.2336800937877
Nigeria,2021,3048.269779411765,614.506534945052
Nigeria,2022,3089.794705882353,618.7793897963163
Nigeria,2023,3131.3196323529414,623.0522446475807
Nigeria,2024,3172.8445588235295,627.3250994988449
Nigeria,2025,3214.369485294118,631.5979543501093
Niue,2019,192.7941176470588,402.3543970457806
Niue,2020,195.58823529411765,405.2912904548739
Niue,2021,198.38235294117646,408.22818386396716
Niue,2022,201.1764705882353,411.16507727306055
Niue,2023,203.97058823529412,414.1019706821538
Niue,2024,206.76470588235293,417.0388640912471
Niue,2025,209.55882352941177,419.97575750034036
Norfolk Island,2019,0.0,0.0
Norfolk Island,2020,0.0,0.0
Norfolk Island,2021,0.0,0.0
Norfolk Island,2022,0.0,0.0
Norfolk Island,2023,0.0,0.0
Norfolk Island,2024,0.0,0.0
Norfolk Island,2025,0.0,0.0
Northern Mariana Is.,2019,1213.5882352941176,402.3543970457806
Northern Mariana Is.,2020,1231.1764705882354,405.2912904548739
Northern Mariana Is.,2021,1248.764705882353,408.22818386396716
Northern Mariana Is.,2022,1266.3529411764705,411.16507727306043
Northern Mariana Is.,2023,1283.9411764705883,414.1019706821538
Northern Mariana Is.,2024,1301.5294117647059,417.0388640912471
Northern Mariana Is.,2025,1319.1176470588234,419.97575750034036
Norway,2019,208.63977890467478,185.49338500164595
Norway,2020,210.2142684540179,186.19594414382772
Norway,2021,211.788758003361,186.89850328600951
Norway,2022,213.36324755270414,187.6010624281913
Norway,2023,214.93773710204724,188.30362157037305
Norway,2024,216.51222665139036,189.00618071255485
Norway,2025,218.08671620073346,189.70873985473662
Oman,2019,1871.659558823529,508.15233792202037
Oman,2020,1897.3357843137253,511.661936447307
Oman,2021,1923.0120098039213,515.1715349725937
Oman,2022,1948.6882352941175,518.6811334978803
Oman,2023,1974.3644607843135,522.190732023167
Oman,2024,2000.0406862745097,525.7003305484536
Oman,2025,2025.7169117647056,529.2099290737402
Pakistan,2019,2255.71196278813,543.3776591489922
Pakistan,2020,2286.9541651473787,547.1668614254653
Pakistan,2021,2318.196367506627,550.9560637019385
Pakistan,2022,2349.4385698658753,554.7452659784116
Pakistan,2023,2380.6807722251233,558.5344682548848
Pakistan,2024,2411.922974584372,562.323670531358
Pakistan,2025,2443.1651769436203,566.1128728078312
Palau,2019,260.99999999999994,458.363081940044
Palau,2020,263.3333333333333,460.42115863894094
Palau,2021,265.66666666666663,462.47923533783785
Palau,2022,267.99999999999994,464.5373120367348
Palau,2023,270.3333333333333,466.5953887356318
Palau,2024,272.66666666666663,468.65346543452864
Palau,2025,274.99999999999994,470.71154213342555
"Palestine, Occupied Tr.",2019,326.1259752070071,402.3543970457806
"Palestine, Occupied Tr.",2020,330.8524386158043,405.2912904548739
"Palestine, Occupied Tr.",2021,335.5789020246015,408.22818386396716
"Palestine, Occupied Tr.",2022,340.3053654333987,411.16507727306043
"Palestine, Occupied Tr.",2023,345.0318288421959,414.10197068215376
"Palestine, Occupied Tr.",2024,349.7582922509931,417.0388640912471
"Palestine, Occupied Tr.",2025,354.4847556597904,419.97575750034036
Panama,2019,10487.636363636364,2551.1962608208087
Panama,2020,10638.18181818182,2569.6392875020238
Panama,2021,10788.727272727274,2588.082314183239
Panama,2022,10939.272727272728,2606.525340864454
Panama,2023,11089.818181818182,2624.9683675456686
Panama,2024,11240.363636363638,2643.411394226883
Panama,2025,11390.909090909092,2661.8544209080983
Papua New Guinea,2019,4333.420588235294,1222.4730834373618
Papua New Guinea,2020,4394.774509803921,1231.1888615751134
Papua New Guinea,2021,4456.128431372549,1239.9046397128648
Papua New Guinea,2022,4517.482352941176,1248.6204178506161
Papua New Guinea,2023,4578.836274509804,1257.3361959883678
Papua New Guinea,2024,4640.190196078432,1266.0519741261196
Papua New Guinea,2025,4701.544117647059,1274.767752263871
Paraguay,2019,5309.5,867.1556222812255
Paraguay,2020,5385.0,873.3651589134853
Paraguay,2021,5460.5,879.5746955457453
Paraguay,2022,5536.0,885.7842321780053
Paraguay,2023,5611.5,891.9937688102651
Paraguay,2024,5687.0,898.2033054425251
Paraguay,2025,5762.5,904.4128420747851
Peru,2019,9885.245270971347,3224.2573440433152
Peru,2020,10027.060419826004,3247.5522697596084
Peru,2021,10168.875568680662,3270.847195475902
Peru,2022,10310.690717535319,3294.142121192196
Peru,2023,10452.505866389976,3317.4370469084893
Peru,2024,10594.321015244634,3340.731972624783
Peru,2025,10736.13616409929,3364.0268983410765
Philippines,2019,883.4435390057159,320.49732819447576
Philippines,2020,894.7977931942046,322.5702077679416
Philippines,2021,906.1520473826932,324.6430873414076
Philippines,2022,917.5063015711818,326.7159669148735
Philippines,2023,928.8605557596704,328.78884648833946
Philippines,2024,940.2148099481591,330.8617260618053
Philippines,2025,951.5690641366477,332.9346056352713
Pitcairn Islands,2019,152.2058823529412,402.3543970457806
Pitcairn Islands,2020,154.41176470588235,405.2912904548739
Pitcairn Islands,2021,156.61764705882354,408.22818386396716
Pitcairn Islands,2022,158.8235294117647,411.16507727306043
Pitcairn Islands,2023,161.02941176470588,414.1019706821538
Pitcairn Islands,2024,163.23529411764707,417.0388640912471
Pitcairn Islands,2025,165.44117647058823,419.97575750034036
Poland,2019,333.90546218487395,205.476417014696
Poland,2020,337.29539641943734,206.5247757372159
Poland,2021,340.6853306540007,207.57313445973583
Poland,2022,344.0752648885641,208.62149318225576
Poland,2023,347.46519912312755,209.6698519047757
Poland,2024,350.85513335769093,210.71821062729558
Poland,2025,354.2450675922543,211.7665693498155
Portugal,2019,55.535162638392386,79.22758972417817
Portugal,2020,54.89074470561547,78.7705714459982
Portugal,2021,54.24632677283854,78.3135531678182
Portugal,2022,53.601908840061625,77.85653488963823
Portugal,2023,52.9574909072847,77.39951661145824
Portugal,2024,52.313072974507776,76.94249833327825
Portugal,2025,51.66865504173086,76.48548005509826
Puerto Rico,2019,79.17436974789916,108.85885437944579
Puerto Rico,2020,78.87254901960785,108.65175861714054
Puerto Rico,2021,78.57072829131653,108.44466285483529
Puerto Rico,2022,78.26890756302521,108.23756709253004
Puerto Rico,2023,77.9670868347339,108.0304713302248
Puerto Rico,2024,77.66526610644259,107.82337556791956
Puerto Rico,2025,77.36344537815127,107.6162798056143
Qatar,2019,3722.2463235294117,805.1361756919057
Qatar,2020,3774.7426470588234,810.8540747971605
Qatar,2021,3827.238970588235,816.5719739024154
Qatar,2022,3879.735294117647,822.2898730076702
Qatar,2023,3932.231617647059,828.007772112925
Qatar,2024,3984.7279411764707,833.7256712181797
Qatar,2025,4037.2242647058824,839.4435703234344
Romania,2019,55.24639705882353,218.9393924112015
Romania,2020,54.59779411764706,217.66169807214138
Romania,2021,53.94919117647059,216.38400373308124
Romania,2022,53.30058823529412,215.10630939402108
Romania,2023,52.65198529411765,213.82861505496095
Romania,2024,52.00338235294118,212.5509207159008
Romania,2025,51.35477941176471,211.27322637684065
Russian Federation,2019,65.97333246658921,402.3543970457806
Russian Federation,2020,66.9294677197282,405.2912904548739
Russian Federation,2021,67.88560297286716,408.22818386396716
Russian Federation,2022,68.84173822600614,411.16507727306043
Russian Federation,2023,69.79787347914511,414.10197068215376
Russian Federation,2024,70.75400873228409,417.0388640912471
Russian Federation,2025,71.71014398542306,419.97575750034036
Rwanda,2019,14765.036764705883,1740.9890300039126
Rwanda,2020,14977.573529411764,1753.6102873351533
Rwanda,2021,15190.110294117647,1766.231544666394
Rwanda,2022,15402.64705882353,1778.8528019976347
Rwanda,2023,15615.183823529413,1791.4740593288757
Rwanda,2024,15827.720588235294,1804.0953166601162
Rwanda,2025,16040.257352941177,1816.716573991357
Réunion,2019,232.72352941176473,285.55129234356264
Réunion,2020,234.64705882352942,286.7362727696638
Réunion,2021,236.57058823529414,287.92125319576496
Réunion,2022,238.49411764705883,289.10623362186607
Réunion,2023,240.41764705882355,290.2912140479673
Réunion,2024,242.34117647058824,291.4761944740684
Réunion,2025,244.26470588235296,292.66117490016956
SMR,2019,0.0,0.0
SMR,2020,0.0,0.0
SMR,2021,0.0,0.0
SMR,2022,0.0,0.0
SMR,2023,0.0,0.0
SMR,2024,0.0,0.0
SMR,2025,0.0,0.0
SSD,2019,87.76575460005719,402.3543970457806
SSD,2020,89.03772205802903,405.2912904548739
SSD,2021,90.30968951600089,408.22818386396716
SSD,2022,91.58165697397273,411.16507727306043
SSD,2023,92.85362443194457,414.1019706821538
SSD,2024,94.12559188991641,417.0388640912471
SSD,2025,95.39755934788826,419.97575750034036
SXM,2019,101.47058823529412,402.3543970457806
SXM,2020,102.94117647058823,405.2912904548739
SXM,2021,104.41176470588235,408.22818386396716
SXM,2022,105.88235294117646,411.16507727306043
SXM,2023,107.3529411764706,414.1019706821538
SXM,2024,108.82352941176471,417.0388640912471
SXM,2025,110.29411764705883,419.97575750034036
Saint Helena,2019,198.68014705882354,198.18919952575405
Saint Helena,2020,200.11029411764707,198.9050826250782
Saint Helena,2021,201.54044117647058,199.62096572440237
Saint Helena,2022,202.97058823529412,200.33684882372654
Saint Helena,2023,204.40073529411765,201.05273192305071
Saint Helena,2024,205.8308823529412,201.76861502237492
Saint Helena,2025,207.2610294117647,202.48449812169906
Saint Kitts and Nevis,2019,353.0,3014.252332081579
Saint Kitts and Nevis,2020,356.66666666666663,3029.9888179158916
Saint Kitts and Nevis,2021,360.3333333333333,3045.7253037502046
Saint Kitts and Nevis,2022,364.0,3061.461789584518
Saint Kitts and Nevis,2023,367.66666666666663,3077.1982754188302
Saint Kitts and Nevis,2024,371.3333333333333,3092.9347612531437
Saint Kitts and Nevis,2025,375.0,3108.671247087457
Saint Lucia,2019,691.2352941176472,322.4749734482585
Saint Lucia,2020,699.8039215686275,324.48615618808475
Saint Lucia,2021,708.372549019608,326.4973389279111
Saint Lucia,2022,716.9411764705883,328.50852166773734
Saint Lucia,2023,725.5098039215687,330.51970440756367
Saint Lucia,2024,734.0784313725491,332.53088714738993
Saint Lucia,2025,742.6470588235295,334.54206988721626
Saint Vincent/Grenadines,2019,798.7941176470588,10852.695587170378
Saint Vincent/Grenadines,2020,808.9215686274509,10921.932032977573
Saint Vincent/Grenadines,2021,819.0490196078431,10991.16847878477
Saint Vincent/Grenadines,2022,829.1764705882352,11060.404924591967
Saint Vincent/Grenadines,2023,839.3039215686274,11129.64137039916
Saint Vincent/Grenadines,2024,849.4313725490196,11198.877816206357
Saint Vincent/Grenadines,2025,859.5588235294117,11268.114262013552
Samoa,2019,3301.7352941176473,783.0360151705972
Samoa,2020,3348.137254901961,788.5772727863157
Samoa,2021,3394.5392156862745,794.1185304020341
Samoa,2022,3440.9411764705883,799.6597880177526
Samoa,2023,3487.343137254902,805.201045633471
Samoa,2024,3533.745098039216,810.7423032491895
Samoa,2025,3580.1470588235297,816.283560864908
Sao Tome and Principe,2019,1644.0441176470583,565.3957405095567
Sao Tome and Principe,2020,1666.4215686274506,569.2699707471354
Sao Tome and Principe,2021,1688.7990196078426,573.1442009847142
Sao Tome and Principe,2022,1711.176470588235,577.018431222293
Sao Tome and Principe,2023,1733.553921568627,580.8926614598716
Sao Tome and Principe,2024,1755.9313725490192,584.7668916974503
Sao Tome and Principe,2025,1778.3088235294113,588.641121935029
Saudi Arabia,2019,4760.070588235295,799.9882789606892
Saudi Arabia,2020,4827.607843137255,805.7040597934675
Saudi Arabia,2021,4895.1450980392165,811.4198406262461
Saudi Arabia,2022,4962.682352941177,817.1356214590247
Saudi Arabia,2023,5030.219607843138,822.8514022918031
Saudi Arabia,2024,5097.756862745098,828.5671831245817
Saudi Arabia,2025,5165.2941176470595,834.2829639573603
Senegal,2019,1970.541294117647,478.2891999944799
Senegal,2020,1997.6505882352942,481.60196725720783
Senegal,2021,2024.759882352941,484.91473451993573
Senegal,2022,2051.869176470588,488.2275017826637
Senegal,2023,2078.9784705882353,491.5402690453917
Senegal,2024,2106.0877647058824,494.8530363081196
Senegal,2025,2133.1970588235295,498.1658035708476
Serbia,2019,80.26662792776686,402.3543970457806
Serbia,2020,81.42991239048811,405.2912904548739
Serbia,2021,82.59319685320938,408.22818386396716
Serbia,2022,83.75648131593063,411.16507727306043
Serbia,2023,84.9197657786519,414.1019706821538
Serbia,2024,86.08305024137314,417.0388640912471
Serbia,2025,87.24633470409441,419.97575750034036
Serbia and Montenegro,2019,0.0,399.41750363668734
Serbia and Montenegro,2020,0.0,399.41750363668734
Serbia and Montenegro,2021,0.0,399.41750363668734
Serbia and Montenegro,2022,0.0,399.41750363668734
Serbia and Montenegro,2023,0.0,399.41750363668734
Serbia and Montenegro,2024,0.0,399.41750363668734
Serbia and Montenegro,2025,0.0,399.41750363668734
Seychelles,2019,14774.067647058822,1796.855486631308
Seychelles,2020,14986.735294117647,1809.881801161014
Seychelles,2021,15199.40294117647,1822.9081156907207
Seychelles,2022,15412.070588235294,1835.9344302204274
Seychelles,2023,15624.738235294117,1848.9607447501337
Seychelles,2024,15837.405882352941,1861.9870592798402
Seychelles,2025,16050.073529411764,1875.013373809547
Sierra Leone,2019,4101.695588235294,789.9414884671
Sierra Leone,2020,4159.691176470588,795.5659079073644
Sierra Leone,2021,4217.6867647058825,801.1903273476287
Sierra Leone,2022,4275.682352941176,806.8147467878928
Sierra Leone,2023,4333.67794117647,812.439166228157
Sierra Leone,2024,4391.673529411764,818.0635856684214
Sierra Leone,2025,4449.669117647059,823.6880051086856
Singapore,2019,32.44595588235294,80.75072389792724
Singapore,2020,31.46691176470588,79.55052086202159
Singapore,2021,30.48786764705882,78.35031782611593
Singapore,2022,29.508823529411764,77.15011479021027
Singapore,2023,28.529779411764704,75.94991175430461
Singapore,2024,27.550735294117644,74.74970871839896
Singapore,2025,26.571691176470587,73.54950568249332
Slovakia,2019,70.95256782842961,402.3543970457806
Slovakia,2020,71.9808659128996,405.2912904548739
Slovakia,2021,73.0091639973696,408.22818386396716
Slovakia,2022,74.03746208183959,411.16507727306055
Slovakia,2023,75.06576016630959,414.1019706821538
Slovakia,2024,76.09405825077958,417.0388640912471
Slovakia,2025,77.12235633524958,419.97575750034036
Slovenia,2019,7.398232706030244,402.3543970457806
Slovenia,2020,7.5054534698857545,405.2912904548739
Slovenia,2021,7.612674233741266,408.22818386396716
Slovenia,2022,7.719894997596776,411.16507727306043
Slovenia,2023,7.827115761452287,414.1019706821538
Slovenia,2024,7.934336525307797,417.0388640912471
Slovenia,2025,8.041557289163308,419.97575750034036
Solomon Islands,2019,6812.888235294118,1397.1761278473325
Solomon Islands,2020,6910.176470588236,1407.2237250000367
Solomon Islands,2021,7007.464705882353,1417.2713221527408
Solomon Islands,2022,7104.752941176471,1427.3189193054454
Solomon Islands,2023,7202.041176470589,1437.3665164581496
Solomon Islands,2024,7299.3294117647065,1447.414113610854
Solomon Islands,2025,7396.617647058824,1457.4617107635581
Somalia,2019,505.88235294117646,292.15927537842504
Somalia,2020,511.7647058823529,293.8678091525679
Somalia,2021,517.6470588235294,295.5763429267107
Somalia,2022,523.5294117647059,297.28487670085354
Somalia,2023,529.4117647058823,298.9934104749963
Somalia,2024,535.2941176470588,300.70194424913916
Somalia,2025,541.1764705882352,302.410478023282
South Africa,2019,177.4457780032247,182.39404018633576
South Africa,2020,178.56818058298157,182.97272133830865
South Africa,2021,179.69058316273845,183.5514024902815
South Africa,2022,180.81298574249533,184.13008364225433
South Africa,2023,181.9353883222522,184.70876479422725
South Africa,2024,183.0577909020091,185.28744594620008
South Africa,2025,184.18019348176597,185.86612709817294
Spain,2019,152.45407157458527,129.8395397150924
Spain,2020,153.21427551044883,130.16406773713797
Spain,2021,153.9744794463124,130.4885957591835
Spain,2022,154.73468338217594,130.81312378122908
Spain,2023,155.49488731803947,131.13765180327462
Spain,2024,156.25509125390303,131.46217982532016
Spain,2025,157.0152951897666,131.78670784736573
Sri Lanka,2019,2652.2925130586186,588.2546030884121
Sri Lanka,2020,2689.2822596246856,592.3854042471557
Sri Lanka,2021,2726.2720061907526,596.5162054058994
Sri Lanka,2022,2763.2617527568195,600.6470065646431
Sri Lanka,2023,2800.2514993228865,604.7778077233868
Sri Lanka,2024,2837.241245888953,608.9086088821304
Sri Lanka,2025,2874.23099245502,613.039410040874
St. Pierre and Miquelon,2019,131.86176470588236,1087.2105792519303
St. Pierre and Miquelon,2020,132.32352941176472,1089.117561353647
St. Pierre and Miquelon,2021,132.78529411764706,1091.0245434553638
St. Pierre and Miquelon,2022,133.24705882352941,1092.9315255570802
St. Pierre and Miquelon,2023,133.70882352941177,1094.838507658797
St. Pierre and Miquelon,2024,134.17058823529413,1096.7454897605135
St. Pierre and Miquelon,2025,134.63235294117646,1098.6524718622302
Sudan,2019,124.77499022158733,402.3543970457806
Sudan,2020,126.58332341320454,405.2912904548739
Sudan,2021,128.39165660482175,408.22818386396716
Sudan,2022,130.19998979643896,411.16507727306055
Sudan,2023,132.00832298805616,414.1019706821538
Sudan,2024,133.81665617967337,417.0388640912471
Sudan,2025,135.62498937129058,419.97575750034036
Suriname,2019,5971.341911764706,1249.6132404323353
Suriname,2020,6056.433823529412,1258.5806581328366
Suriname,2021,6141.525735294118,1267.5480758333374
Suriname,2022,6226.617647058823,1276.5154935338385
Suriname,2023,6311.70955882353,1285.4829112343396
Suriname,2024,6396.801470588235,1294.4503289348406
Suriname,2025,6481.893382352941,1303.4177466353415
Svalbard and Jan Mayen,2019,0.0,0.0
Svalbard and Jan Mayen,2020,0.0,0.0
Svalbard and Jan Mayen,2021,0.0,0.0
Svalbard and Jan Mayen,2022,0.0,0.0
Svalbard and Jan Mayen,2023,0.0,0.0
Svalbard and Jan Mayen,2024,0.0,0.0
Svalbard and Jan Mayen,2025,0.0,0.0
Swaziland,2019,334.8529411764706,402.3543970457806
Swaziland,2020,339.70588235294116,405.2912904548739
Swaziland,2021,344.55882352941177,408.22818386396716
Swaziland,2022,349.4117647058824,411.16507727306055
Swaziland,2023,354.2647058823529,414.10197068215376
Swaziland,2024,359.11764705882354,417.0388640912471
Swaziland,2025,363.97058823529414,419.97575750034036
Sweden,2019,133.43846153846152,125.53742447757195
Sweden,2020,133.9230769230769,125.76579956758053
Sweden,2021,134.4076923076923,125.9941746575891
Sweden,2022,134.89230769230767,126.22254974759767
Sweden,2023,135.37692307692308,126.45092483760628
Sweden,2024,135.86153846153846,126.67929992761485
Sweden,2025,136.34615384615384,126.90767501762342
Switzerland,2019,165.75294117647056,140.06500268105958
Switzerland,2020,166.70588235294116,140.46879188336467
Switzerland,2021,167.65882352941173,140.87258108566974
Switzerland,2022,168.61176470588234,141.27637028797486
Switzerland,2023,169.5647058823529,141.68015949027992
Switzerland,2024,170.5176470588235,142.083948692585
Switzerland,2025,171.4705882352941,142.48773789489007
Syrian Arab Republic,2019,756.6274509803922,315.00588284439334
Syrian Arab Republic,2020,766.1437908496732,316.99938298965844
Syrian Arab Republic,2021,775.6601307189542,318.99288313492355
Syrian Arab Republic,2022,785.1764705882352,320.98638328018865
Syrian Arab Republic,2023,794.6928104575163,322.9798834254538
Syrian Arab Republic,2024,804.2091503267974,324.9733835707189
Syrian Arab Republic,2025,813.7254901960785,326.96688371598407
Taiwan Province of China,2019,813.3110796519372,318.82611822122595
Taiwan Province of China,2020,823.6489213860233,320.86534728200144
Taiwan Province of China,2021,833.9867631201093,322.904576342777
Taiwan Province of China,2022,844.3246048541954,324.94380540355246
Taiwan Province of China,2023,854.6624465882815,326.983034464328
Taiwan Province of China,2024,865.0002883223675,329.0222635251035
Taiwan Province of China,2025,875.3381300564536,331.0614925858791
Tajikistan,2019,45.34036465264839,402.3543970457806
Tajikistan,2020,45.99747138674474,405.2912904548739
Tajikistan,2021,46.654578120841094,408.22818386396716
Tajikistan,2022,47.311684854937454,411.16507727306055
Tajikistan,2023,47.968791589033806,414.1019706821538
Tajikistan,2024,48.62589832313016,417.0388640912471
Tajikistan,2025,49.28300505722651,419.97575750034036
"Tanzania, United Rep. of",2019,1215.258255142548,402.10947123225446
"Tanzania, United Rep. of",2020,1231.4214182605558,404.8014388278216
"Tanzania, United Rep. of",2021,1247.5845813785638,407.4934064233887
"Tanzania, United Rep. of",2022,1263.7477444965718,410.1853740189559
"Tanzania, United Rep. of",2023,1279.9109076145796,412.877341614523
"Tanzania, United Rep. of",2024,1296.0740707325876,415.5693092100901
"Tanzania, United Rep. of",2025,1312.2372338505957,418.26127680565736
Thailand,2019,1434.4496047779098,415.4177361632127
Thailand,2020,1453.789454122517,418.23716029757384
Thailand,2021,1473.1293034671244,421.056584431935
Thailand,2022,1492.4691528117319,423.87600856629626
Thailand,2023,1511.8090021563394,426.69543270065753
Thailand,2024,1531.1488515009466,429.5148568350187
Thailand,2025,1550.488700845554,432.3342809693799
Timor-Leste,2019,143.50882958299462,402.3543970457806
Timor-Leste,2020,145.5886676928931,405.2912904548739
Timor-Leste,2021,147.66850580279157,408.22818386396716
Timor-Leste,2022,149.74834391269005,411.16507727306055
Timor-Leste,2023,151.82818202258852,414.1019706821538
Timor-Leste,2024,153.90802013248697,417.03886409124704
Timor-Leste,2025,155.98785824238544,419.97575750034036
Togo,2019,841.0735294117646,375.2766458814039
Togo,2020,851.813725490196,377.68811423794915
Togo,2021,862.5539215686274,380.0995825944944
Togo,2022,873.2941176470588,382.5110509510395
Togo,2023,884.0343137254902,384.92251930758476
Togo,2024,894.7745098039215,387.33398766413
Togo,2025,905.5147058823528,389.74545602067525
Tokelau,2019,75.08823529411765,402.3543970457806
Tokelau,2020,76.17647058823529,405.2912904548739
Tokelau,2021,77.26470588235294,408.22818386396716
Tokelau,2022,78.3529411764706,411.16507727306055
Tokelau,2023,79.44117647058823,414.10197068215376
Tokelau,2024,80.52941176470588,417.0388640912471
Tokelau,2025,81.61764705882354,419.97575750034036
Tonga,2019,638.8088235294117,311.787630604105
Tonga,2020,646.6176470588235,313.7050015822603
Tonga,2021,654.4264705882352,315.62237256041567
Tonga,2022,662.2352941176471,317.5397435385711
Tonga,2023,670.0441176470588,319.4571145167264
Tonga,2024,677.8529411764706,321.37448549488175
Tonga,2025,685.6617647058823,323.29185647303706
Trinidad and Tobago,2019,1335.708823529412,462.08845969039106
Trinidad and Tobago,2020,1353.6176470588236,465.20714563791535
Trinidad and Tobago,2021,1371.5264705882355,468.32583158543974
Trinidad and Tobago,2022,1389.4352941176473,471.444517532964
Trinidad and Tobago,2023,1407.344117647059,474.5632034804883
Trinidad and Tobago,2024,1425.2529411764708,477.6818894280126
Trinidad and Tobago,2025,1443.1617647058824,480.8005753755369
Tunisia,2019,1082.9120473931318,361.7079906782628
Tunisia,2020,1097.1571495292642,364.1027748290043
Tunisia,2021,1111.4022516653965,366.497558979746
Tunisia,2022,1125.6473538015289,368.8923431304875
Tunisia,2023,1139.8924559376612,371.2871272812291
Tunisia,2024,1154.1375580737936,373.68191143197066
Tunisia,2025,1168.382660209926,376.0766955827123
Turkey,2019,706.4208144796381,358.15475398551166
Turkey,2020,715.2095219358647,360.3966334108725
Turkey,2021,723.9982293920914,362.63851283623336
Turkey,2022,732.786936848318,364.8803922615942
Turkey,2023,741.5756443045447,367.12227168695506
Turkey,2024,750.3643517607712,369.3641511123159
Turkey,2025,759.1530592169979,371.60603053767676
Turkmenistan,2019,32.65695172890299,402.3543970457806
Turkmenistan,2020,33.13024088439433,405.2912904548739
Turkmenistan,2021,33.60353003988568,408.2281838639673
Turkmenistan,2022,34.07681919537703,411.16507727306043
Turkmenistan,2023,34.55010835086838,414.1019706821538
Turkmenistan,2024,35.02339750635972,417.0388640912471
Turkmenistan,2025,35.49668666185107,419.97575750034036
Turks and Caicos Is.,2019,308.64020950846094,263.10835624755805
Turks and Caicos Is.,2020,311.6639806607575,264.4035468821491
Turks and Caicos Is.,2021,314.687751813054,265.69873751674004
Turks and Caicos Is.,2022,317.7115229653505,266.99392815133103
Turks and Caicos Is.,2023,320.7352941176471,268.2891187859221
Turks and Caicos Is.,2024,323.7590652699436,269.5843094205131
Turks and Caicos Is.,2025,326.78283642224017,270.8795000551041
Tuvalu,2019,16140.16544117647,402.3543970457806
Tuvalu,2020,16374.08088235294,405.2912904548739
Tuvalu,2021,16607.996323529413,408.22818386396716
Tuvalu,2022,16841.91176470588,411.16507727306043
Tuvalu,2023,17075.827205882353,414.1019706821538
Tuvalu,2024,17309.742647058825,417.0388640912471
Tuvalu,2025,17543.658088235294,419.97575750034036
US Virgin Islands,2019,148.1985294117647,161.78571485076122
US Virgin Islands,2020,148.89705882352942,162.16790166938173
US Virgin Islands,2021,149.59558823529412,162.5500884880022
US Virgin Islands,2022,150.2941176470588,162.93227530662264
US Virgin Islands,2023,150.99264705882354,163.31446212524313
US Virgin Islands,2024,151.69117647058823,163.69664894386358
US Virgin Islands,2025,152.38970588235293,164.0788357624841
Uganda,2019,3672.380294117647,718.5441293365701
Uganda,2020,3724.1539215686275,723.6451443609218
Uganda,2021,3775.927549019608,728.7461593852732
Uganda,2022,3827.701176470588,733.8471744096248
Uganda,2023,3879.4748039215683,738.9481894339763
Uganda,2024,3931.248431372549,744.049204458328
Uganda,2025,3983.0220588235293,749.1502194826794
Ukraine,2019,7.257289445801209,402.3543970457806
Ukraine,2020,7.362467553711372,405.2912904548739
Ukraine,2021,7.4676456616215345,408.22818386396716
Ukraine,2022,7.572823769531697,411.16507727306043
Ukraine,2023,7.67800187744186,414.1019706821538
Ukraine,2024,7.783179985352022,417.0388640912471
Ukraine,2025,7.888358093262184,419.97575750034036
Un. Sov. Soc. Rep.,2019,0.0,61.05004582313484
Un. Sov. Soc. Rep.,2020,0.0,61.05004582313484
Un. Sov. Soc. Rep.,2021,0.0,61.05004582313484
Un. Sov. Soc. Rep.,2022,0.0,61.05004582313484
Un. Sov. Soc. Rep.,2023,0.0,61.05004582313484
Un. Sov. Soc. Rep.,2024,0.0,61.05004582313484
Un. Sov. Soc. Rep.,2025,0.0,61.05004582313484
United Arab Emirates,2019,644.1360294117648,277.645700661447
United Arab Emirates,2020,652.0220588235294,279.3557491243095
United Arab Emirates,2021,659.9080882352941,281.06579758717197
United Arab Emirates,2022,667.7941176470588,282.77584605003443
United Arab Emirates,2023,675.6801470588235,284.485894512897
United Arab Emirates,2024,683.5661764705883,286.19594297575946
United Arab Emirates,2025,691.4522058823529,287.9059914386219
United Kingdom,2019,96.2992413410424,102.3672748967761
United Kingdom,2020,96.24560715757926,102.33877593558239
United Kingdom,2021,96.1919729741161,102.31027697438867
United Kingdom,2022,96.13833879065295,102.28177801319498
United Kingdom,2023,96.08470460718979,102.25327905200126
United Kingdom,2024,96.03107042372665,102.22478009080757
United Kingdom,2025,95.97743624026349,102.19628112961385
United States of America,2019,195.49568772376836,143.42878294044507
United States of America,2020,196.87968319802587,143.93828249479503
United States of America,2021,198.2636786722834,144.447782049145
United States of America,2022,199.64767414654088,144.95728160349492
United States of America,2023,201.0316696207984,145.4667811578449
United States of America,2024,202.4156650950559,145.97628071219484
United States of America,2025,203.79966056931343,146.4857802665448
Uruguay,2019,1943.1987394957985,636.4732169244277
Uruguay,2020,1969.9117647058827,640.878272646687
Uruguay,2021,1996.6247899159666,645.2833283689464
Uruguay,2022,2023.3378151260506,649.6883840912056
Uruguay,2023,2050.0508403361346,654.093439813465
Uruguay,2024,2076.7638655462188,658.4984955357241
Uruguay,2025,2103.476890756303,662.9035512579835
Uzbekistan,2019,352.0918347889097,402.3543970457806
Uzbekistan,2020,357.1946150032417,405.2912904548739
Uzbekistan,2021,362.29739521757375,408.22818386396716
Uzbekistan,2022,367.4001754319058,411.16507727306055
Uzbekistan,2023,372.5029556462378,414.1019706821538
Uzbekistan,2024,377.6057358605698,417.03886409124704
Uzbekistan,2025,382.7085160749018,419.97575750034036
Vanuatu,2019,2068.7323529411765,1111.168461912693
Vanuatu,2020,2097.264705882353,1118.884395885104
Vanuatu,2021,2125.7970588235294,1126.6003298575147
Vanuatu,2022,2154.329411764706,1134.3162638299257
Vanuatu,2023,2182.8617647058823,1142.0321978023367
Vanuatu,2024,2211.394117647059,1149.7481317747477
Vanuatu,2025,2239.926470588235,1157.4640657471582
"Venezuela, Boliv Rep of",2019,392.483793517407,227.58080935192618
"Venezuela, Boliv Rep of",2020,396.7226890756302,228.8164386972167
"Venezuela, Boliv Rep of",2021,400.96158463385353,230.05206804250722
"Venezuela, Boliv Rep of",2022,405.20048019207684,231.28769738779775
"Venezuela, Boliv Rep of",2023,409.43937575030014,232.52332673308825
"Venezuela, Boliv Rep of",2024,413.6782713085234,233.7589560783788
"Venezuela, Boliv Rep of",2025,417.9171668667467,234.9945854236693
Viet Nam,2019,10750.730940676554,1426.037986268398
Viet Nam,2020,10905.08936010665,1436.3495008961459
Viet Nam,2021,11059.447779536744,1446.6610155238936
Viet Nam,2022,11213.80619896684,1456.9725301516419
Viet Nam,2023,11368.164618396935,1467.2840447793897
Viet Nam,2024,11522.52303782703,1477.5955594071374
Viet Nam,2025,11676.881457257125,1487.9070740348852
Wallis and Futuna Is.,2019,877.9411764705882,384.7405550929951
Wallis and Futuna Is.,2020,889.2156862745097,387.22693687640026
Wallis and Futuna Is.,2021,900.4901960784314,389.7133186598054
Wallis and Futuna Is.,2022,911.7647058823529,392.19970044321053
Wallis and Futuna Is.,2023,923.0392156862745,394.6860822266157
Wallis and Futuna Is.,2024,934.313725490196,397.17246401002086
Wallis and Futuna Is.,2025,945.5882352941176,399.658845793426
Western Sahara,2019,0.0,0.0
Western Sahara,2020,0.0,0.0
Western Sahara,2021,0.0,0.0
Western Sahara,2022,0.0,0.0
Western Sahara,2023,0.0,0.0
Western Sahara,2024,0.0,0.0
Western Sahara,2025,0.0,0.0
Yemen,2019,531.4854117647059,276.53437983256714
Yemen,2020,537.7388235294118,278.17084699487384
Yemen,2021,543.9922352941176,279.80731415718043
Yemen,2022,550.2456470588235,281.44378131948713
Yemen,2023,556.4990588235294,283.0802484817938
Yemen,2024,562.7524705882353,284.7167156441004
Yemen,2025,569.0058823529412,286.35318280640706
Yugoslavia SFR,2019,0.0,63.4719611729682
Yugoslavia SFR,2020,0.0,63.4719611729682
Yugoslavia SFR,2021,0.0,63.4719611729682
Yugoslavia SFR,2022,0.0,63.4719611729682
Yugoslavia SFR,2023,0.0,63.4719611729682
Yugoslavia SFR,2024,0.0,63.4719611729682
Yugoslavia SFR,2025,0.0,63.4719611729682
Zambia,2019,1097.4558823529412,393.80519290049114
Zambia,2020,1111.9117647058824,396.41602377518126
Zambia,2021,1126.3676470588234,399.02685464987144
Zambia,2022,1140.8235294117646,401.63768552456156
Zambia,2023,1155.2794117647059,404.2485163992518
Zambia,2024,1169.735294117647,406.8593472739419
Zambia,2025,1184.1911764705883,409.47017814863204
Zanzibar,2019,1741.3257134536984,402.3543970457806
Zanzibar,2020,1766.5623179965055,405.2912904548739
Zanzibar,2021,1791.7989225393128,408.22818386396716
Zanzibar,2022,1817.03552708212,411.16507727306055
Zanzibar,2023,1842.2721316249272,414.10197068215376
Zanzibar,2024,1867.5087361677345,417.0388640912471
Zanzibar,2025,1892.7453407105418,419.97575750034036
Zimbabwe,2019,9159.632352941177,1223.2932360521484
Zimbabwe,2020,9290.931372549021,1232.124196334186
Zimbabwe,2021,9422.230392156864,1240.9551566162236
Zimbabwe,2022,9553.529411764706,1249.7861168982613
Zimbabwe,2023,9684.828431372549,1258.6170771802988
Zimbabwe,2024,9816.127450980393,1267.4480374623365
Zimbabwe,2025,9947.426470588236,1276.278997744374
