Country,Year,OFR_change,Inflation_pct
Afghanistan,2027,0.0,0.0
Afghanistan,2028,0.0,0.0
Afghanistan,2029,0.0,0.0
Afghanistan,2030,0.0,0.0
Afghanistan,2031,0.0,0.0
Albania,2027,1.4957838862265455e-06,7.478919523195994e-07
Albania,2028,3.3913594088894037e-07,1.695679641490013e-07
Albania,2029,5.097853140161591e-08,2.5489255335090306e-08
Albania,2030,1.0822171916824444e-08,5.4110921836057055e-09
Albania,2031,1.7165122406704046e-09,8.582530124240344e-10
Algeria,2027,0.02075852661460928,0.010379263307309847
Algeria,2028,-0.009867342314576168,-0.004933671157286473
Algeria,2029,0.004691771618031611,0.002345885809005031
Algeria,2030,-0.0022305414677611323,-0.0011152707338723427
Algeria,2031,0.0010605076416975285,0.0005302538208450643
American Samoa,2027,0.08810143788801778,0.04405071894399702
American Samoa,2028,0.04765191658129487,0.023825958290644957
American Samoa,2029,0.02578417855852519,0.012892089279258726
American Samoa,2030,0.013954721155186024,0.006977360577601196
American Samoa,2031,0.007553363581741993,0.003776681790884713
Andorra,2027,,0.0
Andorra,2028,,0.0
Andorra,2029,,0.0
Andorra,2030,,0.0
Andorra,2031,,0.0
Angola,2027,3.774573615743873e-05,1.8872868076921152e-05
Angola,2028,1.1856523893290823e-05,5.928261957841377e-06
Angola,2029,3.7243198670889662e-06,1.8621599378542185e-06
Angola,2030,1.1698673088000963e-06,5.849336664929278e-07
Angola,2031,3.6747368669464253e-07,1.8373684128738177e-07
Anguilla,2027,0.17350278694051463,0.08675139347025004
Anguilla,2028,-0.07839410561499091,-0.03919705280750262
Anguilla,2029,-0.037173135652821696,-0.018586567826408405
Anguilla,2030,0.053013246763568854,0.026506623381789385
Anguilla,2031,-0.010024423269088886,-0.005012211634541123
Antigua and Barbuda,2027,0.0,0.0
Antigua and Barbuda,2028,0.0,0.0
Antigua and Barbuda,2029,0.0,0.0
Antigua and Barbuda,2030,0.0,0.0
Antigua and Barbuda,2031,0.0,0.0
Argentina,2027,0.0,0.0
Argentina,2028,0.0,0.0
Argentina,2029,0.0,0.0
Argentina,2030,0.0,0.0
Argentina,2031,0.0,0.0
Armenia,2027,2.692593730835632,1.3462968654178058
Armenia,2028,-2.609153689568496,-1.3045768447842407
Armenia,2029,2.6854568259869844,1.342728412993503
Armenia,2030,-2.6119151193808667,-1.305957559690425
Armenia,2031,2.6834715264856723,1.3417357632428324
Aruba,2027,0.0,0.0
Aruba,2028,0.0,0.0
Aruba,2029,0.0,0.0
Aruba,2030,0.0,0.0
Aruba,2031,0.0,0.0
Australia,2027,-0.13001959883434622,-0.0650097994171744
Australia,2028,0.10084196361473241,0.050420981807358226
Australia,2029,-0.07803168768474265,-0.03901584384237964
Australia,2030,0.06048914644966588,0.03024457322483101
Australia,2031,-0.04682548360502825,-0.023412741802514805
Austria,2027,43.1033076612449,21.55165383062246
Austria,2028,-30.03251713337581,-15.016258566687895
Austria,2029,42.79827753012959,21.399138765064805
Austria,2030,-29.88368356042759,-14.941841780213794
Austria,2031,42.49578380339146,21.24789190169575
Azerbaijan,2027,12.688126039402206,6.344063019701089
Azerbaijan,2028,11.259450158864555,5.629725079432268
Azerbaijan,2029,10.119944458153638,5.059972229076818
Azerbaijan,2030,9.189883391609046,4.594941695804518
Azerbaijan,2031,8.416382294024945,4.208191147012473
BES,2027,0.0,0.0
BES,2028,0.0,0.0
BES,2029,0.0,0.0
BES,2030,0.0,0.0
BES,2031,0.0,0.0
BLM,2027,0.0,0.0
BLM,2028,0.0,0.0
BLM,2029,0.0,0.0
BLM,2030,0.0,0.0
BLM,2031,0.0,0.0
Bahamas,2027,0.008967754348166945,0.004483877174098465
Bahamas,2028,-0.005566540247529809,-0.0027832701237695554
Bahamas,2029,0.003445918536270938,0.001722959268131978
Bahamas,2030,-0.002135399530052121,-0.0010676997650132375
Bahamas,2031,0.0013227620292168446,0.0006613810146015501
Bahrain,2027,0.0,0.0
Bahrain,2028,0.0,0.0
Bahrain,2029,0.0,0.0
Bahrain,2030,0.0,0.0
Bahrain,2031,0.0,0.0
Bangladesh,2027,2.7040559074895105,1.3520279537447575
Bangladesh,2028,2.6324168181598115,1.3162084090799109
Bangladesh,2029,2.564464466560505,1.282232233280266
Bangladesh,2030,2.499921398900874,1.249960699450457
Bangladesh,2031,2.4385373206307714,1.2192686603153844
Barbados,2027,0.0,0.0
Barbados,2028,0.0,0.0
Barbados,2029,0.0,0.0
Barbados,2030,0.0,0.0
Barbados,2031,0.0,0.0
Belarus,2027,0.0,0.0
Belarus,2028,0.0,0.0
Belarus,2029,0.0,0.0
Belarus,2030,0.0,0.0
Belarus,2031,0.0,0.0
Belgium,2027,0.048873547053963504,0.02443677352699499
Belgium,2028,0.03576705993580722,0.017883529967889358
Belgium,2029,0.026178787148320795,0.013089393574164805
Belgium,2030,0.019162732184095994,0.00958136609202868
Belgium,2031,0.014028001428035636,0.007014000714001657
Belize,2027,-6.066652224170312,-3.0333261120851573
Belize,2028,6.376175533341375,3.188087766670679
Belize,2029,-5.9110258249742875,-2.955512912487145
Belize,2030,6.197995490115523,3.098997745057753
Belize,2031,-5.75698353574809,-2.8784917678740496
Benin,2027,-0.002572278658122695,-0.0012861393290545644
Benin,2028,0.0011010431156598833,0.0005505215578236633
Benin,2029,-0.0004712753059194427,-0.0002356376529508534
Benin,2030,0.00020172135219788154,0.0001008606761004728
Benin,2031,-8.634280126333496e-05,-4.317140063723808e-05
Bermuda,2027,-0.0002035208611970426,-0.0001017604305969328
Bermuda,2028,-1.4298641740527361e-05,-7.14932087417739e-06
Bermuda,2029,1.395189556214035e-05,6.975947782273908e-06
Bermuda,2030,3.4116600711549105e-06,1.7058300422087478e-06
Bermuda,2031,-5.611592582454901e-07,-2.8057962466138545e-07
Bhutan,2027,2.4998266108339195,1.2499133054169551
Bhutan,2028,-2.296495315791225,-1.1482476578956113
Bhutan,2029,2.2132691435737115,1.1066345717868529
Bhutan,2030,-2.038946161409149,-1.0194730807045689
Bhutan,2031,1.9598873854727739,0.9799436927364017
Bolivia (Plurinat.State),2027,0.0,0.0
Bolivia (Plurinat.State),2028,0.0,0.0
Bolivia (Plurinat.State),2029,0.0,0.0
Bolivia (Plurinat.State),2030,0.0,0.0
Bolivia (Plurinat.State),2031,0.0,0.0
Bosnia and Herzegovina,2027,1.4920375219986746,0.7460187609993354
Bosnia and Herzegovina,2028,1.0147433051661525,0.5073716525830787
Bosnia and Herzegovina,2029,0.6932854545693564,0.34664272728468787
Bosnia and Herzegovina,2030,0.47514141466714793,0.2375707073335689
Bosnia and Herzegovina,2031,0.3263343993140453,0.1631671996570266
Botswana,2027,0.039526461857101146,0.019763230928557696
Botswana,2028,0.016995045276657808,0.008497522638343278
Botswana,2029,0.007308942343092633,0.0036544711715402333
Botswana,2030,0.0031436110527977208,0.0015718055264000417
Botswana,2031,0.0013521384633459845,0.0006760692316618217
Brazil,2027,0.9317776712215811,0.46588883561078653
Brazil,2028,0.9005745280718269,0.4502872640359167
Brazil,2029,0.8706854813031638,0.4353427406515862
Brazil,2030,0.842037848860173,0.4210189244300931
Brazil,2031,0.8145641310674143,0.40728206553370266
British Indian Ocean Ter,2027,0.0,0.0
British Indian Ocean Ter,2028,0.0,0.0
British Indian Ocean Ter,2029,0.0,0.0
British Indian Ocean Ter,2030,0.0,0.0
British Indian Ocean Ter,2031,0.0,0.0
British Virgin Islands,2027,-0.008967152817379118,-0.004483576408683976
British Virgin Islands,2028,0.00896495650347554,0.004482478251737223
British Virgin Islands,2029,-0.00896115365954046,-0.004480576829762057
British Virgin Islands,2030,0.008958958277483798,0.004479479138752039
British Virgin Islands,2031,-0.008955158515018413,-0.004477579257516842
Brunei Darussalam,2027,0.0,0.0
Brunei Darussalam,2028,0.0,0.0
Brunei Darussalam,2029,0.0,0.0
Brunei Darussalam,2030,0.0,0.0
Brunei Darussalam,2031,0.0,0.0
Bulgaria,2027,0.0,0.0
Bulgaria,2028,0.0,0.0
Bulgaria,2029,0.0,0.0
Bulgaria,2030,0.0,0.0
Bulgaria,2031,0.0,0.0
Burkina Faso,2027,0.030175257935942456,0.015087628967987902
Burkina Faso,2028,0.013319172023122874,0.006659586011563855
Burkina Faso,2029,0.008810434858581373,0.004405217429275413
Burkina Faso,2030,0.003788417739518736,0.0018942088697555034
Burkina Faso,2031,0.002576726397366049,0.0012883631986739146
Burundi,2027,-0.259382059680096,-0.12969102984004757
Burundi,2028,0.17920787666025426,0.08960393833012777
Burundi,2029,-0.12395839665250472,-0.06197919832625422
Burundi,2030,0.08568784689709591,0.042843923448549856
Burundi,2031,-0.05925215773881008,-0.02962607886940845
CUW,2027,0.0,0.0
CUW,2028,0.0,0.0
CUW,2029,0.0,0.0
CUW,2030,0.0,0.0
CUW,2031,0.0,0.0
Cambodia,2027,7.606585207644656e-08,3.8032938329388164e-08
Cambodia,2028,-1.1486664620578842e-08,-5.743319631428009e-09
Cambodia,2029,1.7346002472590912e-09,8.673086430698749e-10
Cambodia,2030,-2.6194551063350637e-10,-1.3096538053267853e-10
Cambodia,2031,3.9553464296702394e-11,1.9792759601868385e-11
Cameroon,2027,2.588773197399827,1.2943865986999157
Cameroon,2028,2.523415482142484,1.2617077410712332
Cameroon,2029,2.4612758674807993,1.2306379337404045
Cameroon,2030,2.4021223837693744,1.2010611918846748
Cameroon,2031,2.34574483293416,1.1728724164670825
Canada,2027,-9.54796630325929e-07,-4.773983091504269e-07
Canada,2028,-2.2143391122448289e-07,-1.1071695222541888e-07
Canada,2029,-5.135436240039223e-08,-2.567717939244684e-08
Canada,2030,-1.1909966824835881e-08,-5.954979587715041e-09
Canada,2031,-2.762128283838174e-09,-1.3810643842102396e-09
Cape Verde,2027,-0.00016287041125713023,-8.143520561995403e-05
Cape Verde,2028,-4.436566796467555e-05,-2.218283398544031e-05
Cape Verde,2029,-1.2085130427231238e-05,-6.042565215260253e-06
Cape Verde,2030,-3.2919673285455714e-06,-1.6459836547639212e-06
Cape Verde,2031,-8.967258043446403e-07,-4.483628971257851e-07
Cayman Islands,2027,0.0,0.0
Cayman Islands,2028,0.0,0.0
Cayman Islands,2029,0.0,0.0
Cayman Islands,2030,0.0,0.0
Cayman Islands,2031,0.0,0.0
Central African Republic,2027,-0.003056232710452917,-0.0015281163552301495
Central African Republic,2028,-0.0023011313304831167,-0.0011505656652437113
Central African Republic,2029,-0.0017325792623224447,-0.0008662896311721261
Central African Republic,2030,-0.0013044947905555488,-0.0006522473952875216
Central African Republic,2031,-0.0009821769259046346,-0.0004910884629565703
Chad,2027,0.00037963297425118176,0.0001898164871279757
Chad,2028,-0.0001494403411473813,-7.472017056711831e-05
Chad,2029,5.881543042701409e-05,2.9407715219202278e-05
Chad,2030,-2.314607471242626e-05,-1.1573037346395508e-05
Chad,2031,9.108518063967691e-06,4.55425904138079e-06
Chile,2027,-0.05993314921239883,-0.02996657460620399
Chile,2028,-0.0346477606549591,-0.017323880327481302
Chile,2029,-0.020025039333732512,-0.010012519666863944
Chile,2030,-0.01157199032659967,-0.005785995163305009
Chile,2031,-0.006686610548881616,-0.003343305274436299
China,2027,2.0683609060292514,1.034180453014629
China,2028,2.026316665873318,1.013158332936645
China,2029,1.9859451277709237,0.992972563885459
China,2030,1.9471484177243301,0.973574208862162
China,2031,1.9098361514595577,0.9549180757297783
"China, Hong Kong SAR",2027,8.058746219086748e-05,4.029373108833702e-05
"China, Hong Kong SAR",2028,-1.9716483552579348e-05,-9.858241779396562e-06
"China, Hong Kong SAR",2029,4.268856532023774e-06,2.1344282582045454e-06
"China, Hong Kong SAR",2030,-7.0835003030119e-07,-3.5417501830275964e-07
"China, Hong Kong SAR",2031,2.262143829277576e-08,1.1310729145360627e-08
"China, Macao SAR",2027,0.0,0.0
"China, Macao SAR",2028,0.0,0.0
"China, Macao SAR",2029,0.0,0.0
"China, Macao SAR",2030,0.0,0.0
"China, Macao SAR",2031,0.0,0.0
Colombia,2027,1.0576300711821427,0.5288150355910726
Colombia,2028,-0.9742810922096428,-0.4871405461048293
Colombia,2029,0.915916459259861,0.4579582296299188
Colombia,2030,-0.8449203845899826,-0.42246019229498344
Colombia,2031,0.7932688734114534,0.3966344367057192
Comoros,2027,-0.14358701677084149,-0.07179350838541346
Comoros,2028,0.06482742740849745,0.032413713704237866
Comoros,2029,-0.0292076700068686,-0.014603835003435985
Comoros,2030,0.013171746247817105,0.006585873123906773
Comoros,2031,-0.005937528831785477,-0.0029687644158907112
"Congo, Dem. Rep. of the",2027,8.349651357519713e-06,4.174825675554965e-06
"Congo, Dem. Rep. of the",2028,-3.332267873674031e-06,-1.666133943253601e-06
"Congo, Dem. Rep. of the",2029,1.3298771367181264e-06,6.649385688046948e-07
"Congo, Dem. Rep. of the",2030,-5.307415744055788e-07,-2.653707986069953e-07
"Congo, Dem. Rep. of the",2031,2.1181402867735164e-07,1.0590702308593962e-07
"Congo, Republic of",2027,0.0,0.0
"Congo, Republic of",2028,0.0,0.0
"Congo, Republic of",2029,0.0,0.0
"Congo, Republic of",2030,0.0,0.0
"Congo, Republic of",2031,0.0,0.0
Cook Islands,2027,0.0,0.0
Cook Islands,2028,0.0,0.0
Cook Islands,2029,0.0,0.0
Cook Islands,2030,0.0,0.0
Cook Islands,2031,0.0,0.0
Costa Rica,2027,0.0,0.0
Costa Rica,2028,0.0,0.0
Costa Rica,2029,0.0,0.0
Costa Rica,2030,0.0,0.0
Costa Rica,2031,0.0,0.0
Croatia,2027,0.0,0.0
Croatia,2028,0.0,0.0
Croatia,2029,0.0,0.0
Croatia,2030,0.0,0.0
Croatia,2031,0.0,0.0
Cuba,2027,3.507710680752513e-05,1.7538553401967315e-05
Cuba,2028,1.091383937804515e-05,5.456919695470514e-06
Cuba,2029,3.3957167619606244e-06,1.6978583892067978e-06
Cuba,2030,1.0565386094256412e-06,5.282692934443473e-07
Cuba,2031,3.2873000345125613e-07,1.6436500518200755e-07
Cyprus,2027,0.0,0.0
Cyprus,2028,0.0,0.0
Cyprus,2029,0.0,0.0
Cyprus,2030,0.0,0.0
Cyprus,2031,0.0,0.0
Czech Republic,2027,-0.0004355406407510578,-0.00021777032037697565
Czech Republic,2028,-0.00012691764121508563,-6.345882061545265e-05
Czech Republic,2029,-3.698400658814999e-05,-1.8492003292779605e-05
Czech Republic,2030,-1.0777189872137634e-05,-5.388594943053278e-06
Czech Republic,2031,-3.1404869680006175e-06,-1.5702434784093498e-06
Czechoslovakia,2027,,0.0
Czechoslovakia,2028,,0.0
Czechoslovakia,2029,,0.0
Czechoslovakia,2030,,0.0
Czechoslovakia,2031,,0.0
Côte d'Ivoire,2027,-4.2031733256057385e-05,-2.1015866632955738e-05
Côte d'Ivoire,2028,1.3633726548366984e-05,6.816863275786793e-06
Côte d'Ivoire,2029,-4.422334782663556e-06,-2.2111673989116313e-06
Côte d'Ivoire,2030,1.4344609548284376e-06,7.172304696578545e-07
Côte d'Ivoire,2031,-4.652922533502963e-07,-2.326461240805766e-07
Denmark,2027,0.017047507144601636,0.008523753572303158
Denmark,2028,-0.013560173219188164,-0.0067800866095922676
Denmark,2029,0.007544017423069217,0.003772008711539178
Denmark,2030,-0.003434910356220773,-0.001717455178110883
Denmark,2031,0.0013087652522909615,0.0006543826261469122
Djibouti,2027,-0.7024674690691779,-0.35123373453457757
Djibouti,2028,0.5625888190410501,0.28129440952052054
Djibouti,2029,-0.44535922263263145,-0.2226796113163161
Djibouti,2030,0.3559448853872426,0.1779724426936188
Djibouti,2031,-0.28228146374734114,-0.14114073187367185
Dominica,2027,0.005340140404864182,0.0026700702024277127
Dominica,2028,0.025741413642045824,0.012870706821025906
Dominica,2029,0.020016732007278493,0.010008366003645838
Dominica,2030,0.008461921084565508,0.004230960542276899
Dominica,2031,0.000570859122855104,0.0002854295614330751
Dominican Republic,2027,-1.0925763148652532,-0.5462881574326341
Dominican Republic,2028,-1.0469356022345182,-0.5234678011172661
Dominican Republic,2029,-1.002738748309045,-0.5013693741545306
Dominican Republic,2030,-0.9599789148883604,-0.47998945744418636
Dominican Republic,2031,-0.918645700822304,-0.4593228504111445
Ecuador,2027,0.0,0.0
Ecuador,2028,0.0,0.0
Ecuador,2029,0.0,0.0
Ecuador,2030,0.0,0.0
Ecuador,2031,0.0,0.0
Egypt,2027,2.7037398192673674,1.3518699096336757
Egypt,2028,2.6315721077016003,1.3157860538508048
Egypt,2029,2.5631317406448804,1.2815658703224435
Egypt,2030,2.4981372251315004,1.2490686125657464
Egypt,2031,2.4363347170312735,1.2181673585156327
El Salvador,2027,2.3790705317550587,1.1895352658775329
El Salvador,2028,2.3172169267184866,1.1586084633592508
El Salvador,2029,2.258335859522142,1.1291679297610726
El Salvador,2030,2.2022182981230682,1.1011091490615406
El Salvador,2031,2.1486743607089154,1.074337180354454
Equatorial Guinea,2027,0.0,0.0
Equatorial Guinea,2028,0.0,0.0
Equatorial Guinea,2029,0.0,0.0
Equatorial Guinea,2030,0.0,0.0
Equatorial Guinea,2031,0.0,0.0
Eritrea,2027,2.920409462076276,1.4602047310381352
Eritrea,2028,-1.7176273683265797,-0.8588136841632948
Eritrea,2029,0.9530680542296452,0.4765340271148209
Eritrea,2030,-0.4261435066873641,-0.21307175334368406
Eritrea,2031,0.10871290957221494,0.05435645478610596
Estonia,2027,-0.10710955289590447,-0.05355477644795002
Estonia,2028,-0.08161676742884498,-0.040808383714416765
Estonia,2029,-0.06217556705529832,-0.0310877835276529
Estonia,2030,-0.047356067076495645,-0.023678033538245158
Estonia,2031,-0.0360634361054777,-0.018031718052734305
Ethiopia,2027,2.6298013195052783,1.3149006597526358
Ethiopia,2028,2.524181786080019,1.2620908930400179
Ethiopia,2029,2.425300154831344,1.2126500774156639
Ethiopia,2030,2.332541756101956,1.1662708780509634
Ethiopia,2031,2.2453644561272648,1.1226822280636457
Falkland Is.(Malvinas),2027,0.0,0.0
Falkland Is.(Malvinas),2028,0.0,0.0
Falkland Is.(Malvinas),2029,0.0,0.0
Falkland Is.(Malvinas),2030,0.0,0.0
Falkland Is.(Malvinas),2031,0.0,0.0
Faroe Islands,2027,0.0002187154799188301,0.00010935773994748279
Faroe Islands,2028,0.00010369085634570097,5.184542817527543e-05
Faroe Islands,2029,4.9158870953500285e-05,2.4579435490275812e-05
Faroe Islands,2030,2.3305776399425793e-05,1.1652888210605398e-05
Faroe Islands,2031,1.1049060798541366e-05,5.524530395156729e-06
"Fiji, Republic of",2027,0.0,0.0
"Fiji, Republic of",2028,0.0,0.0
"Fiji, Republic of",2029,0.0,0.0
"Fiji, Republic of",2030,0.0,0.0
"Fiji, Republic of",2031,0.0,0.0
Finland,2027,0.004093275948159142,0.0020466379740736802
Finland,2028,-0.0018587427447377776,-0.000929371372371065
Finland,2029,0.0008440990239605588,0.0004220495119915071
Finland,2030,-0.00038331496199675905,-0.00019165748099260992
Finland,2031,0.00017406981809900938,8.703490905664366e-05
France,2027,0.0,0.0
France,2028,0.0,0.0
France,2029,0.0,0.0
France,2030,0.0,0.0
France,2031,0.0,0.0
French Guiana,2027,0.0,0.0
French Guiana,2028,0.0,0.0
French Guiana,2029,0.0,0.0
French Guiana,2030,0.0,0.0
French Guiana,2031,0.0,0.0
French Polynesia,2027,0.0,0.0
French Polynesia,2028,0.0,0.0
French Polynesia,2029,0.0,0.0
French Polynesia,2030,0.0,0.0
French Polynesia,2031,0.0,0.0
French Southern Terr,2027,0.0,0.0
French Southern Terr,2028,0.0,0.0
French Southern Terr,2029,0.0,0.0
French Southern Terr,2030,0.0,0.0
French Southern Terr,2031,0.0,0.0
Gabon,2027,-0.6861688803212866,-0.34308444016063955
Gabon,2028,-0.6431023982698112,-0.32155119913490177
Gabon,2029,-0.6024776683801328,-0.30123883419006464
Gabon,2030,-0.5641885160145443,-0.28209425800726207
Gabon,2031,-0.5281293051751355,-0.2640646525875703
Gambia,2027,-0.0046222617876909644,-0.0023111308938515026
Gambia,2028,-0.00044770991732807973,-0.0002238549586606738
Gambia,2029,0.0004592280218399658,0.0002296140109148566
Gambia,2030,0.00034236775366789626,0.00017118387682539256
Gambia,2031,0.00013093917094644686,6.546958546274189e-05
Georgia,2027,10.450842534529613,5.225421267264803
Georgia,2028,9.461976093122066,4.73098804656102
Georgia,2029,8.644067262924251,4.322033631462132
Georgia,2030,7.956310020576884,3.978155010288438
Georgia,2031,7.369927926450642,3.6849639632253344
Germany,2027,-6.329446052937094e-05,-3.164723027247355e-05
Germany,2028,1.3887210275742347e-05,6.943605134326525e-06
Germany,2029,-3.0469405936955684e-06,-1.5234702952733668e-06
Germany,2030,6.685178968187079e-07,3.342589597695144e-07
Germany,2031,-1.466770165223681e-07,-7.333851889722996e-08
Ghana,2027,0.0,0.0
Ghana,2028,0.0,0.0
Ghana,2029,0.0,0.0
Ghana,2030,0.0,0.0
Ghana,2031,0.0,0.0
Gibraltar,2027,0.0,0.0
Gibraltar,2028,0.0,0.0
Gibraltar,2029,0.0,0.0
Gibraltar,2030,0.0,0.0
Gibraltar,2031,0.0,0.0
Greece,2027,0.0,0.0
Greece,2028,0.0,0.0
Greece,2029,0.0,0.0
Greece,2030,0.0,0.0
Greece,2031,0.0,0.0
Greenland,2027,0.0,0.0
Greenland,2028,0.0,0.0
Greenland,2029,0.0,0.0
Greenland,2030,0.0,0.0
Greenland,2031,0.0,0.0
Grenada,2027,4.5192914888218246e-07,2.2596457894478683e-07
Grenada,2028,-2.8236577884828303e-08,-1.4118286494505992e-08
Grenada,2029,-2.4712692128860253e-08,-1.235635391282811e-08
Grenada,2030,-4.57003790356415e-09,-2.2850166917983522e-09
Grenada,2031,-6.051452546962479e-11,-3.0255866781991495e-11
Guadeloupe,2027,0.0,0.0
Guadeloupe,2028,0.0,0.0
Guadeloupe,2029,0.0,0.0
Guadeloupe,2030,0.0,0.0
Guadeloupe,2031,0.0,0.0
Guam,2027,0.0,0.0
Guam,2028,0.0,0.0
Guam,2029,0.0,0.0
Guam,2030,0.0,0.0
Guam,2031,0.0,0.0
Guatemala,2027,0.0,0.0
Guatemala,2028,0.0,0.0
Guatemala,2029,0.0,0.0
Guatemala,2030,0.0,0.0
Guatemala,2031,0.0,0.0
Guinea,2027,6.659123662926546,3.329561831463263
Guinea,2028,-6.166505483475689,-3.0832527417378426
Guinea,2029,6.490845691364902,3.245422845682453
Guinea,2030,-6.020174249676161,-3.0100871248380723
Guinea,2031,6.326951122728241,3.1634755613641214
Guinea-Bissau,2027,0.07335520091938574,0.03667760045968408
Guinea-Bissau,2028,-0.0729129185650773,-0.03645645928254483
Guinea-Bissau,2029,0.07257938556011381,0.03628969278006352
Guinea-Bissau,2030,-0.07214234012992435,-0.036071170064964575
Guinea-Bissau,2031,0.07181177829064708,0.03590588914532109
Guyana,2027,0.0007518675838636233,0.0003759337919396735
Guyana,2028,-0.0003179557652717311,-0.0001589778826339379
Guyana,2029,0.00012988896061499045,6.494448030114763e-05
Guyana,2030,-5.4233134895850235e-05,-2.711656744868135e-05
Guyana,2031,2.2333206677960615e-05,1.116660332530036e-05
Haiti,2027,0.5240230306438576,0.262011515321925
Haiti,2028,0.48906001039787583,0.24453000519893184
Haiti,2029,0.4567057858830631,0.22835289294154695
Haiti,2030,0.42659127732037,0.2132956386601873
Haiti,2031,0.3985943219662294,0.19929716098312095
Honduras,2027,9.757943917315473e-05,4.8789719580923625e-05
Honduras,2028,-4.9722046758938744e-05,-2.4861023389061712e-05
Honduras,2029,-3.9300901311679154e-05,-1.965045065710887e-05
Honduras,2030,-1.5283337681646838e-05,-7.641668837296531e-06
Honduras,2031,-3.4596721741402925e-06,-1.7298360845068128e-06
Hungary,2027,-0.001158858632596096,-0.0005794293163017905
Hungary,2028,0.0005543923894449045,0.0002771961947400996
Hungary,2029,-0.0002652141056286556,-0.0001326070528079416
Hungary,2030,0.00012687601717120442,6.343800857360397e-05
Hungary,2031,-6.069609524460594e-05,-3.0348047610233964e-05
Iceland,2027,2.030581114660062e-07,1.0152905282563106e-07
Iceland,2028,-3.819818819357861e-08,-1.9099093817321772e-08
Iceland,2029,7.185632721577153e-09,3.592820901948455e-09
Iceland,2030,-1.3517449609568487e-09,-6.758741245006394e-10
Iceland,2031,2.542816139163168e-10,1.2713848758011856e-10
India,2027,-0.2913517806517738,-0.14567589032589764
India,2028,-0.2536021467721644,-0.12680107338608207
India,2029,-0.2206600854086843,-0.11033004270434649
India,2030,-0.19193369876038074,-0.09596684938019834
India,2031,-0.16689897458629063,-0.08344948729313853
Indonesia,2027,-2.6220795615967982,-1.3110397807983907
Indonesia,2028,1.0397897704740522,0.5198948852370283
Indonesia,2029,0.37515632304386737,0.18757816152192322
Indonesia,2030,-0.8250839972042217,-0.41254199860211144
Indonesia,2031,0.5540845829131151,0.2770422914565561
Iran (Islamic Rep. of),2027,2.984373757124594,1.4921868785622925
Iran (Islamic Rep. of),2028,2.897864024539334,1.4489320122696858
Iran (Islamic Rep. of),2029,2.8162277080229456,1.4081138540114744
Iran (Islamic Rep. of),2030,2.739064282543065,1.3695321412715318
Iran (Islamic Rep. of),2031,2.6660159426528525,1.3330079713264276
Iraq,2027,0.0013009244106797905,0.000650462205338132
Iraq,2028,0.0005148808365934385,0.00025744041829727735
Iraq,2029,3.565868997252703e-05,1.782934497294921e-05
Iraq,2030,-6.152897487208177e-05,-3.076448743912644e-05
Iraq,2031,-3.3055686558134415e-05,-1.6527843285802746e-05
Ireland,2027,0.0,0.0
Ireland,2028,0.0,0.0
Ireland,2029,0.0,0.0
Ireland,2030,0.0,0.0
Ireland,2031,0.0,0.0
Isle of Man,2027,0.0,0.0
Isle of Man,2028,0.0,0.0
Isle of Man,2029,0.0,0.0
Isle of Man,2030,0.0,0.0
Isle of Man,2031,0.0,0.0
Israel,2027,0.0,0.0
Israel,2028,0.0,0.0
Israel,2029,0.0,0.0
Israel,2030,0.0,0.0
Israel,2031,0.0,0.0
Italy,2027,0.0,0.0
Italy,2028,0.0,0.0
Italy,2029,0.0,0.0
Italy,2030,0.0,0.0
Italy,2031,0.0,0.0
Jamaica,2027,0.0,0.0
Jamaica,2028,0.0,0.0
Jamaica,2029,0.0,0.0
Jamaica,2030,0.0,0.0
Jamaica,2031,0.0,0.0
Japan,2027,0.0028870867060127687,0.0014435433530114853
Japan,2028,-0.00191594389902854,-0.0009579719495143075
Japan,2029,0.0012715299930422471,0.0006357649965108649
Japan,2030,-0.0008438331570935462,-0.0004219165785374125
Japan,2031,0.0005600099593234978,0.00028000497966373375
Jordan,2027,0.0,0.0
Jordan,2028,0.0,0.0
Jordan,2029,0.0,0.0
Jordan,2030,0.0,0.0
Jordan,2031,0.0,0.0
Kazakhstan,2027,-1.1379850554847324e-06,-5.689925229534726e-07
Kazakhstan,2028,2.428113754455602e-07,1.2140568893985987e-07
Kazakhstan,2029,-5.180855155926663e-08,-2.590428638904525e-08
Kazakhstan,2030,1.1054361499880167e-08,5.527187081173179e-09
Kazakhstan,2031,-2.358668295603044e-09,-1.17932921461928e-09
Kenya,2027,7.382161071176883e-05,3.6910805342751495e-05
Kenya,2028,-2.2381684175745742e-05,-1.1190842082646153e-05
Kenya,2029,6.785821435685008e-06,3.3929107150845302e-06
Kenya,2030,-2.0573679113965314e-06,-1.028683959535168e-06
Kenya,2031,6.237657599313798e-07,3.118828735798922e-07
Kiribati,2027,0.0,0.0
Kiribati,2028,0.0,0.0
Kiribati,2029,0.0,0.0
Kiribati,2030,0.0,0.0
Kiribati,2031,0.0,0.0
"Korea, Dem. People's Rep",2027,-4.993529544595761e-05,-2.4967647727122057e-05
"Korea, Dem. People's Rep",2028,2.5535775719318196e-05,1.2767887857714427e-05
"Korea, Dem. People's Rep",2029,-1.3058405769456243e-05,-6.529202887755114e-06
"Korea, Dem. People's Rep",2030,6.677769600898892e-06,3.338884792087003e-06
"Korea, Dem. People's Rep",2031,-3.4148577362701016e-06,-1.7074288612754733e-06
"Korea, Republic of",2027,0.0,0.0
"Korea, Republic of",2028,0.0,0.0
"Korea, Republic of",2029,0.0,0.0
"Korea, Republic of",2030,0.0,0.0
"Korea, Republic of",2031,0.0,0.0
Kuwait,2027,4.4281418698748615e-06,2.21407093097521e-06
Kuwait,2028,6.256879237495249e-07,3.128439677654242e-07
Kuwait,2029,8.840848022444144e-08,4.4204240018511356e-08
Kuwait,2030,1.2491970660364914e-08,6.2459750782439055e-09
Kuwait,2031,1.7650704151751686e-09,8.825392556984753e-10
Kyrgyzstan,2027,0.0,0.0
Kyrgyzstan,2028,0.0,0.0
Kyrgyzstan,2029,0.0,0.0
Kyrgyzstan,2030,0.0,0.0
Kyrgyzstan,2031,0.0,0.0
Lao People's Dem. Rep.,2027,2.1740108977864185,1.0870054488932235
Lao People's Dem. Rep.,2028,2.120519686724886,1.0602598433624437
Lao People's Dem. Rep.,2029,2.0694280275920205,1.034714013796003
Lao People's Dem. Rep.,2030,2.0205782778772625,1.010289138938638
Lao People's Dem. Rep.,2031,1.97382630792546,0.9869131539627365
Latvia,2027,0.0005385444586461916,0.0002692722293114571
Latvia,2028,-0.0003687988020391366,-0.00018439940101715847
Latvia,2029,9.664045936003365e-05,4.8320229683495874e-05
Latvia,2030,2.357507742530886e-06,1.1787538744051371e-06
Latvia,2031,-1.2785776434812413e-05,-6.392888217222144e-06
Lebanon,2027,-5.2258690894385555,-2.612934544719285
Lebanon,2028,-5.226594928188273,-2.613297464094128
Lebanon,2029,1.546733252942446,0.7733666264712333
Lebanon,2030,5.080130534176947,2.5400652670884827
Lebanon,2031,1.5010134587237711,0.7505067293618704
Lesotho,2027,5.486092905938121,2.7430464529690566
Lesotho,2028,4.900404727945125,2.4502023639725463
Lesotho,2029,4.401683233473399,2.200841616736696
Lesotho,2030,3.9726040743707545,1.986302037185379
Lesotho,2031,3.600148054707068,1.8000740273535427
Liberia,2027,1.3189320595333728e-05,6.5946603128303495e-06
Liberia,2028,2.0594493140083235e-06,1.0297246642639371e-06
Liberia,2029,3.215731765982248e-07,1.6078658275606234e-07
Liberia,2030,5.02121387550484e-08,2.5106067263423797e-08
Liberia,2031,7.840390843576239e-09,3.9202007203285475e-09
Libyan Arab Jamahiriya,2027,0.0,0.0
Libyan Arab Jamahiriya,2028,0.0,0.0
Libyan Arab Jamahiriya,2029,0.0,0.0
Libyan Arab Jamahiriya,2030,0.0,0.0
Libyan Arab Jamahiriya,2031,0.0,0.0
Liechtenstein,2027,,0.0
Liechtenstein,2028,,0.0
Liechtenstein,2029,,0.0
Liechtenstein,2030,,0.0
Liechtenstein,2031,,0.0
Lithuania,2027,0.0,0.0
Lithuania,2028,0.0,0.0
Lithuania,2029,0.0,0.0
Lithuania,2030,0.0,0.0
Lithuania,2031,0.0,0.0
Luxembourg,2027,,0.0
Luxembourg,2028,,0.0
Luxembourg,2029,,0.0
Luxembourg,2030,,0.0
Luxembourg,2031,,0.0
MAF,2027,0.0,0.0
MAF,2028,0.0,0.0
MAF,2029,0.0,0.0
MAF,2030,0.0,0.0
MAF,2031,0.0,0.0
"Macedonia, Fmr Yug Rp of",2027,0.0,0.0
"Macedonia, Fmr Yug Rp of",2028,0.0,0.0
"Macedonia, Fmr Yug Rp of",2029,0.0,0.0
"Macedonia, Fmr Yug Rp of",2030,0.0,0.0
"Macedonia, Fmr Yug Rp of",2031,0.0,0.0
Madagascar,2027,-0.37412839411628473,-0.18706419705813035
Madagascar,2028,-0.36473295237843395,-0.18236647618922225
Madagascar,2029,-0.3555399272563411,-0.1777699636281659
Madagascar,2030,-0.3465466358530929,-0.17327331792654932
Madagascar,2031,-0.3377503441997951,-0.1688751720999009
Malawi,2027,0.0,0.0
Malawi,2028,0.0,0.0
Malawi,2029,0.0,0.0
Malawi,2030,0.0,0.0
Malawi,2031,0.0,0.0
Malaysia,2027,-0.11813313227165916,-0.059066566135836045
Malaysia,2028,0.07929596726914624,0.0396479836345819
Malaysia,2029,-0.053121813449272866,-0.026560906724636575
Malaysia,2030,0.035634419765819374,0.017817209882914124
Malaysia,2031,-0.023882566387572888,-0.011941283193789653
Maldives,2027,0.0009935932623763046,0.0004967966311867711
Maldives,2028,-0.0005378614269426681,-0.0002689307134812235
Maldives,2029,0.0002911647612646779,0.0001455823806411316
Maldives,2030,-0.00015761720609850407,-7.880860305602738e-05
Maldives,2031,8.532383880051003e-05,4.266191939971622e-05
Mali,2027,6.144837180401583,3.0724185902008037
Mali,2028,-5.788751142769324,-2.894375571384661
Mali,2029,6.1440606486303135,3.0720303243151603
Mali,2030,-5.788061954645815,-2.8940309773229087
Mali,2031,6.143284218384559,3.071642109192292
Malta,2027,-4.306156485987048e-12,-2.1500864233091763e-12
Malta,2028,-1.0560056777625366e-13,-6.277624593603569e-14
Malta,2029,0.0,0.0
Malta,2030,0.0,0.0
Malta,2031,0.0,0.0
Marshall Islands,2027,0.0,0.0
Marshall Islands,2028,0.0,0.0
Marshall Islands,2029,0.0,0.0
Marshall Islands,2030,0.0,0.0
Marshall Islands,2031,0.0,0.0
Martinique,2027,0.0,0.0
Martinique,2028,0.0,0.0
Martinique,2029,0.0,0.0
Martinique,2030,0.0,0.0
Martinique,2031,0.0,0.0
Mauritania,2027,0.01783120178326095,0.008915600891630978
Mauritania,2028,0.013925449989470743,0.006962724994748139
Mauritania,2029,0.010875639941358685,0.00543781997068796
Mauritania,2030,0.008494027204336983,0.00424701360218283
Mauritania,2031,0.006634112262728034,0.0033170561313642408
Mauritius,2027,0.43099975433251186,0.21549987716623997
Mauritius,2028,0.3091833768602563,0.15459168843012858
Mauritius,2029,0.22206613844345469,0.11103306922172508
Mauritius,2030,0.15963418086949316,0.0798170904347326
Mauritius,2031,0.11482595277368887,0.05741297638684845
Mayotte,2027,2.3642348812832266,1.182117440641598
Mayotte,2028,1.734523308896455,0.867261654448246
Mayotte,2029,1.2804114536858804,0.6402057268429251
Mayotte,2030,0.9494276116403667,0.4747138058201733
Mayotte,2031,0.7063106611329801,0.35315533056647325
Mexico,2027,4.173897402187133e-06,2.0869487021883536e-06
Mexico,2028,-1.2068469710073856e-06,-6.034234851162158e-07
Mexico,2029,3.4894956823745227e-07,1.744747902738638e-07
Mexico,2030,-1.0089579926764814e-07,-5.0447899628450266e-08
Mexico,2031,2.9173160126039344e-08,1.4586580686798701e-08
"Micronesia, Fed.States of",2027,0.0,0.0
"Micronesia, Fed.States of",2028,0.0,0.0
"Micronesia, Fed.States of",2029,0.0,0.0
"Micronesia, Fed.States of",2030,0.0,0.0
"Micronesia, Fed.States of",2031,0.0,0.0
"Moldova, Republic of",2027,-0.023903396869832578,-0.011951698434916285
"Moldova, Republic of",2028,0.012046123541598298,0.0060230617708019706
"Moldova, Republic of",2029,-0.006068465224003902,-0.003034232611990176
"Moldova, Republic of",2030,0.00305765928600054,0.0015288296429981723
"Moldova, Republic of",2031,-0.0015404928203901582,-0.0007702464101977478
Monaco,2027,0.0,0.0
Monaco,2028,0.0,0.0
Monaco,2029,0.0,0.0
Monaco,2030,0.0,0.0
Monaco,2031,0.0,0.0
Mongolia,2027,42.88736907246781,21.443684536233906
Mongolia,2028,-30.010266118169,-15.005133059084491
Mongolia,2029,42.871609230225424,21.435804615112723
Mongolia,2030,-30.00254737890713,-15.001273689453571
Mongolia,2031,42.855856201155646,21.427928100577837
Montenegro,2027,0.0,0.0
Montenegro,2028,0.0,0.0
Montenegro,2029,0.0,0.0
Montenegro,2030,0.0,0.0
Montenegro,2031,0.0,0.0
Montserrat,2027,0.0,0.0
Montserrat,2028,0.0,0.0
Montserrat,2029,0.0,0.0
Montserrat,2030,0.0,0.0
Montserrat,2031,0.0,0.0
Morocco,2027,0.0,0.0
Morocco,2028,0.0,0.0
Morocco,2029,0.0,0.0
Morocco,2030,0.0,0.0
Morocco,2031,0.0,0.0
Mozambique,2027,0.0,0.0
Mozambique,2028,0.0,0.0
Mozambique,2029,0.0,0.0
Mozambique,2030,0.0,0.0
Mozambique,2031,0.0,0.0
Myanmar,2027,-0.4322052153451442,-0.21610260767257905
Myanmar,2028,-0.3576821451402454,-0.17884107257012485
Myanmar,2029,-0.29578730714479845,-0.14789365357239656
Myanmar,2030,-0.24445117404953143,-0.12222558702477332
Myanmar,2031,-0.20192085010283686,-0.10096042505141897
Namibia,2027,-0.19855361807977448,-0.0992768090398808
Namibia,2028,-0.1615980619808924,-0.08079903099044469
Namibia,2029,-0.13147213190420973,-0.06573606595211108
Namibia,2030,-0.10693016461449101,-0.0534650823072381
Namibia,2031,-0.08694809152172805,-0.04347404576085911
Nauru,2027,-0.0048337090837675435,-0.002416854541892341
Nauru,2028,0.0025300542994957354,0.0012650271497491124
Nauru,2029,-0.0013241805189268651,-0.0006620902594678334
Nauru,2030,0.000693076678313776,0.00034653833916310203
Nauru,2031,-0.0003627493270133564,-0.00018137466351451166
Nepal,2027,2.7543212651364337,1.377160632568212
Nepal,2028,2.680455566461691,1.3402277832308434
Nepal,2029,2.6104472610712444,1.3052236305356224
Nepal,2030,2.5440019665300024,1.272000983265008
Nepal,2031,2.4808544179768277,1.2404272089884052
Netherlands,2027,0.024442930797469918,0.012221465398742196
Netherlands,2028,-0.012911412229149006,-0.006455706114571981
Netherlands,2029,0.006822702505253599,0.0034113512526394493
Netherlands,2030,-0.003604569600112388,-0.0018022848000476366
Netherlands,2031,0.0019045644813220164,0.0009522822406624097
Netherlands Antilles,2027,,0.0
Netherlands Antilles,2028,,0.0
Netherlands Antilles,2029,,0.0
Netherlands Antilles,2030,,0.0
Netherlands Antilles,2031,,0.0
New Caledonia,2027,0.0,0.0
New Caledonia,2028,0.0,0.0
New Caledonia,2029,0.0,0.0
New Caledonia,2030,0.0,0.0
New Caledonia,2031,0.0,0.0
New Zealand,2027,0.0,0.0
New Zealand,2028,0.0,0.0
New Zealand,2029,0.0,0.0
New Zealand,2030,0.0,0.0
New Zealand,2031,0.0,0.0
Nicaragua,2027,0.20754315769691462,0.10377157884847305
Nicaragua,2028,0.19246495835237112,0.09623247917618642
Nicaragua,2029,0.17850906412282375,0.08925453206140495
Nicaragua,2030,0.16558819556550305,0.08279409778276331
Nicaragua,2031,0.15362238113641682,0.07681119056822004
Niger,2027,-3.1143937198207774,-1.5571968599103918
Niger,2028,2.599237441841542,1.2996187209207697
Niger,2029,-2.0486751233150433,-1.0243375616575197
Niger,2030,1.6912807314409122,0.8456403657204616
Niger,2031,-1.3449105968349344,-0.6724552984174592
Nigeria,2027,2.825776164323658,1.4128880821618248
Nigeria,2028,2.7473552845968294,1.3736776422984154
Nigeria,2029,2.6731494377044385,1.3365747188522268
Nigeria,2030,2.6028276902098963,1.3014138451049357
Nigeria,2031,2.5360928684391575,1.2680464342195794
Niue,2027,0.0,0.0
Niue,2028,0.0,0.0
Niue,2029,0.0,0.0
Niue,2030,0.0,0.0
Niue,2031,0.0,0.0
Norfolk Island,2027,,0.0
Norfolk Island,2028,,0.0
Norfolk Island,2029,,0.0
Norfolk Island,2030,,0.0
Norfolk Island,2031,,0.0
Northern Mariana Is.,2027,0.0,0.0
Northern Mariana Is.,2028,0.0,0.0
Northern Mariana Is.,2029,0.0,0.0
Northern Mariana Is.,2030,0.0,0.0
Northern Mariana Is.,2031,0.0,0.0
Norway,2027,0.004715979434934376,0.002357989717467515
Norway,2028,0.0020860718807946795,0.001043035940403136
Norway,2029,0.0009227797523612886,0.0004613898761747573
Norway,2030,0.00040819896224477434,0.00020409948111904493
Norway,2031,0.00018057098651540446,9.028549325400309e-05
Oman,2027,0.0,0.0
Oman,2028,0.0,0.0
Oman,2029,0.0,0.0
Oman,2030,0.0,0.0
Oman,2031,0.0,0.0
Pakistan,2027,0.0,0.0
Pakistan,2028,0.0,0.0
Pakistan,2029,0.0,0.0
Pakistan,2030,0.0,0.0
Pakistan,2031,0.0,0.0
Palau,2027,0.0,0.0
Palau,2028,0.0,0.0
Palau,2029,0.0,0.0
Palau,2030,0.0,0.0
Palau,2031,0.0,0.0
"Palestine, Occupied Tr.",2027,0.0,0.0
"Palestine, Occupied Tr.",2028,0.0,0.0
"Palestine, Occupied Tr.",2029,0.0,0.0
"Palestine, Occupied Tr.",2030,0.0,0.0
"Palestine, Occupied Tr.",2031,0.0,0.0
Panama,2027,0.0,0.0
Panama,2028,0.0,0.0
Panama,2029,0.0,0.0
Panama,2030,0.0,0.0
Panama,2031,0.0,0.0
Papua New Guinea,2027,-0.18105292417809915,-0.09052646208904255
Papua New Guinea,2028,-0.13776466484602704,-0.06888233242301352
Papua New Guinea,2029,-0.09676124896582843,-0.0483806244829187
Papua New Guinea,2030,-0.07095322772273198,-0.03547661386137175
Papua New Guinea,2031,-0.0507846238254678,-0.025392311912727426
Paraguay,2027,0.0,0.0
Paraguay,2028,0.0,0.0
Paraguay,2029,0.0,0.0
Paraguay,2030,0.0,0.0
Paraguay,2031,0.0,0.0
Peru,2027,0.012093517358011533,0.006046758679017387
Peru,2028,0.0040332288807826445,0.002016614440395335
Peru,2029,0.0013452038668288514,0.0006726019334122994
Peru,2030,0.0004486782520810035,0.0002243391260259501
Peru,2031,0.00014965313709842075,7.48265685442686e-05
Philippines,2027,-2.555043214314659,-1.277521607157333
Philippines,2028,-1.9804232213201025,-0.990211610660048
Philippines,2029,-1.5260343675012213,-0.7630171837506083
Philippines,2030,-1.1704746550674214,-0.585237327533703
Philippines,2031,-0.8945290150988596,-0.44726450754943137
Pitcairn Islands,2027,0.0,0.0
Pitcairn Islands,2028,0.0,0.0
Pitcairn Islands,2029,0.0,0.0
Pitcairn Islands,2030,0.0,0.0
Pitcairn Islands,2031,0.0,0.0
Poland,2027,-0.00030760988595045344,-0.0001538049429648223
Poland,2028,-0.00010508877039932824,-5.25443851975905e-05
Poland,2029,-3.5901405662711234e-05,-1.7950702841875516e-05
Poland,2030,-1.2264964477058915e-05,-6.1324822261792905e-06
Poland,2031,-4.190067643195569e-06,-2.0950338181060827e-06
Portugal,2027,-0.0002840007709482859,-0.00014200038547776249
Portugal,2028,0.0001304587244377552,6.522936222569948e-05
Portugal,2029,-5.992733114871647e-05,-2.9963665575976377e-05
Portugal,2030,2.7528184641079286e-05,1.3764092319127483e-05
Portugal,2031,-1.2645320128069022e-05,-6.32266006223622e-06
Puerto Rico,2027,-0.35545632666864485,-0.1777281633343261
Puerto Rico,2028,0.24094648413919723,0.1204732420696031
Puerto Rico,2029,-0.16235411568293248,-0.08117705784146684
Puerto Rico,2030,0.10983906771506673,0.05491953385752755
Puerto Rico,2031,-0.07410848626194284,-0.037054243130974655
Qatar,2027,5.942806922696008e-07,2.9714034970242946e-07
Qatar,2028,8.2663227593785e-08,4.133160817649214e-08
Qatar,2029,1.1498289435286841e-08,5.7491401456447095e-09
Qatar,2030,1.5993844486809469e-09,7.996932278113812e-10
Qatar,2031,2.2246997792192688e-10,1.1124460878100576e-10
Romania,2027,0.017798315117913337,0.008899157558953864
Romania,2028,-0.08541324872595688,-0.042706624362980734
Romania,2029,-0.041569031708155756,-0.020784515854077274
Romania,2030,0.008136523747773239,0.004068261873884837
Romania,2031,0.015966062990080066,0.00798303149502621
Russian Federation,2027,1.9265556626253204,0.9632778313126698
Russian Federation,2028,1.8900770317379918,0.9450385158689981
Russian Federation,2029,1.854952982056861,0.9274764910284157
Russian Federation,2030,1.8211094383188444,0.9105547191594147
Russian Federation,2031,1.7884776296444387,0.8942388148222236
Rwanda,2027,0.0,0.0
Rwanda,2028,0.0,0.0
Rwanda,2029,0.0,0.0
Rwanda,2030,0.0,0.0
Rwanda,2031,0.0,0.0
Réunion,2027,0.007243777205243233,0.003621888602607648
Réunion,2028,0.0032591194719461232,0.001629559735970005
Réunion,2029,0.0014761388405021667,0.0007380694202419513
Réunion,2030,0.0006662282825058336,0.0003331141412576807
Réunion,2031,0.00030126289737428133,0.00015063144868428347
SMR,2027,,0.0
SMR,2028,,0.0
SMR,2029,,0.0
SMR,2030,,0.0
SMR,2031,,0.0
SSD,2027,0.0,0.0
SSD,2028,0.0,0.0
SSD,2029,0.0,0.0
SSD,2030,0.0,0.0
SSD,2031,0.0,0.0
SXM,2027,0.0,0.0
SXM,2028,0.0,0.0
SXM,2029,0.0,0.0
SXM,2030,0.0,0.0
SXM,2031,0.0,0.0
Saint Helena,2027,0.011026133984377042,0.005513066992195918
Saint Helena,2028,-0.005102782751043418,-0.002551391375533924
Saint Helena,2029,0.002361896904789035,0.001180948452383719
Saint Helena,2030,-0.0010931565871872173,-0.0005465782935970848
Saint Helena,2031,0.000505963071316247,0.00025298153565338937
Saint Kitts and Nevis,2027,88.59895895014391,44.29947947507195
Saint Kitts and Nevis,2028,-39.83764947685901,-19.918824738429507
Saint Kitts and Nevis,2029,56.15304000364279,28.076520001821386
Saint Kitts and Nevis,2030,-30.494898658362096,-15.247449329181057
Saint Kitts and Nevis,2031,37.20616246783876,18.60308123391938
Saint Lucia,2027,0.0,0.0
Saint Lucia,2028,0.0,0.0
Saint Lucia,2029,0.0,0.0
Saint Lucia,2030,0.0,0.0
Saint Lucia,2031,0.0,0.0
Saint Vincent/Grenadines,2027,0.0,0.0
Saint Vincent/Grenadines,2028,0.0,0.0
Saint Vincent/Grenadines,2029,0.0,0.0
Saint Vincent/Grenadines,2030,0.0,0.0
Saint Vincent/Grenadines,2031,0.0,0.0
Samoa,2027,0.0,0.0
Samoa,2028,0.0,0.0
Samoa,2029,0.0,0.0
Samoa,2030,0.0,0.0
Samoa,2031,0.0,0.0
Sao Tome and Principe,2027,0.0,0.0
Sao Tome and Principe,2028,0.0,0.0
Sao Tome and Principe,2029,0.0,0.0
Sao Tome and Principe,2030,0.0,0.0
Sao Tome and Principe,2031,0.0,0.0
Saudi Arabia,2027,2.507793584047517,1.2538967920237647
Saudi Arabia,2028,2.446440593143069,1.2232202965715322
Saudi Arabia,2029,2.3880178758501946,1.1940089379250967
Saudi Arabia,2030,2.332320399710479,1.1661601998552544
Saudi Arabia,2031,2.2791618245707577,1.1395809122853842
Senegal,2027,0.13214540183449835,0.06607270091724704
Senegal,2028,-0.09786861438673983,-0.048934307193375055
Senegal,2029,0.07264966077514579,0.03632483038758524
Senegal,2030,-0.053837278361580934,-0.026918639180794117
Senegal,2031,0.039946789140405614,0.019973394570208212
Serbia,2027,0.0,0.0
Serbia,2028,0.0,0.0
Serbia,2029,0.0,0.0
Serbia,2030,0.0,0.0
Serbia,2031,0.0,0.0
Serbia and Montenegro,2027,,0.0
Serbia and Montenegro,2028,,0.0
Serbia and Montenegro,2029,,0.0
Serbia and Montenegro,2030,,0.0
Serbia and Montenegro,2031,,0.0
Seychelles,2027,0.0,0.0
Seychelles,2028,0.0,0.0
Seychelles,2029,0.0,0.0
Seychelles,2030,0.0,0.0
Seychelles,2031,0.0,0.0
Sierra Leone,2027,0.0,0.0
Sierra Leone,2028,0.0,0.0
Sierra Leone,2029,0.0,0.0
Sierra Leone,2030,0.0,0.0
Sierra Leone,2031,0.0,0.0
Singapore,2027,3.308393321136338,1.6541966605681584
Singapore,2028,2.8627027895978796,1.431351394798928
Singapore,2029,2.487786248127351,1.2438931240636815
Singapore,2030,2.1698798333410982,1.0849399166705553
Singapore,2031,1.8984865910909619,0.9492432955454914
Slovakia,2027,0.5115294283504226,0.2557647141752153
Slovakia,2028,0.3465904134702956,0.1732952067351484
Slovakia,2029,0.23522080364145678,0.11761040182071585
Slovakia,2030,0.15981486852895166,0.07990743426446695
Slovakia,2031,0.10866394617462358,0.05433197308730228
Slovenia,2027,0.0,0.0
Slovenia,2028,0.0,0.0
Slovenia,2029,0.0,0.0
Slovenia,2030,0.0,0.0
Slovenia,2031,0.0,0.0
Solomon Islands,2027,-0.04410074530810561,-0.0220503726540406
Solomon Islands,2028,0.028323333883132545,0.014161666941564451
Solomon Islands,2029,-0.018177253174740875,-0.009088626587372535
Solomon Islands,2030,0.011671161525105823,0.005835580762553271
Solomon Islands,2031,-0.007491525615064304,-0.003745762807520137
Somalia,2027,0.0,0.0
Somalia,2028,0.0,0.0
Somalia,2029,0.0,0.0
Somalia,2030,0.0,0.0
Somalia,2031,0.0,0.0
South Africa,2027,0.0,0.0
South Africa,2028,0.0,0.0
South Africa,2029,0.0,0.0
South Africa,2030,0.0,0.0
South Africa,2031,0.0,0.0
Spain,2027,1.0700858026520039e-05,5.350429012176508e-06
Spain,2028,-2.8652002317047443e-06,-1.4326001239757046e-06
Spain,2029,7.67169650302562e-07,3.8358483394996773e-07
Spain,2030,-2.0541297049492525e-07,-1.0270649205464692e-07
Spain,2031,5.500020654957613e-08,2.7500123060277502e-08
Sri Lanka,2027,2.117158912474797,1.0585794562373927
Sri Lanka,2028,2.0732629687273723,1.0366314843636897
Sri Lanka,2029,2.031150245489251,1.0155751227446126
Sri Lanka,2030,1.9907142441318966,0.9953571220659483
Sri Lanka,2031,1.951856781001149,0.9759283905005766
St. Pierre and Miquelon,2027,0.0,0.0
St. Pierre and Miquelon,2028,0.0,0.0
St. Pierre and Miquelon,2029,0.0,0.0
St. Pierre and Miquelon,2030,0.0,0.0
St. Pierre and Miquelon,2031,0.0,0.0
Sudan,2027,0.0,0.0
Sudan,2028,0.0,0.0
Sudan,2029,0.0,0.0
Sudan,2030,0.0,0.0
Sudan,2031,0.0,0.0
Suriname,2027,-0.10384096811924548,-0.05192048405961891
Suriname,2028,0.0968023145993064,0.04840115729964143
Suriname,2029,-0.09005987528585059,-0.045029937642922735
Suriname,2030,0.08394376534434925,0.04197188267216442
Suriname,2031,-0.07810697869908066,-0.03905348934954519
Svalbard and Jan Mayen,2027,,0.0
Svalbard and Jan Mayen,2028,,0.0
Svalbard and Jan Mayen,2029,,0.0
Svalbard and Jan Mayen,2030,,0.0
Svalbard and Jan Mayen,2031,,0.0
Swaziland,2027,-0.6164771470714427,-0.3082385735357232
Swaziland,2028,-0.4570866274063791,-0.22854331370318293
Swaziland,2029,-0.33836395247315737,-0.16918197623657844
Swaziland,2030,-0.2501796600594865,-0.12508983002974255
Swaziland,2031,-0.18481439583515252,-0.09240719791757113
Sweden,2027,0.0,0.0
Sweden,2028,0.0,0.0
Sweden,2029,0.0,0.0
Sweden,2030,0.0,0.0
Sweden,2031,0.0,0.0
Switzerland,2027,0.04521533157053843,0.022607665785276312
Switzerland,2028,-0.025812088528696448,-0.012906044264357206
Switzerland,2029,0.014745822784126067,0.007372911392058123
Switzerland,2030,-0.00842051636028313,-0.004210258180133904
Switzerland,2031,0.00480960095006561,0.002404800475046433
Syrian Arab Republic,2027,-0.003161020080817153,-0.0015805100404167015
Syrian Arab Republic,2028,-0.001854367987026697,-0.0009271839935173085
Syrian Arab Republic,2029,-0.0010878246929618988,-0.0005439123464812267
Syrian Arab Republic,2030,-0.0006381438311460192,-0.0003190719155811131
Syrian Arab Republic,2031,-0.0003743486616950473,-0.0001871743308418185
Taiwan Province of China,2027,0.0,0.0
Taiwan Province of China,2028,0.0,0.0
Taiwan Province of China,2029,0.0,0.0
Taiwan Province of China,2030,0.0,0.0
Taiwan Province of China,2031,0.0,0.0
Tajikistan,2027,-0.0014670671284438667,-0.0007335335642257352
Tajikistan,2028,0.004607070040826563,0.0023035350204213927
Tajikistan,2029,-0.0004024825262776453,-0.00020124126313901216
Tajikistan,2030,-0.0011848145315440089,-0.0005924072657731252
Tajikistan,2031,0.00031592438219808154,0.000157962191109543
"Tanzania, United Rep. of",2027,0.0,0.0
"Tanzania, United Rep. of",2028,0.0,0.0
"Tanzania, United Rep. of",2029,0.0,0.0
"Tanzania, United Rep. of",2030,0.0,0.0
"Tanzania, United Rep. of",2031,0.0,0.0
Thailand,2027,0.0012334223794014329,0.0006167111896969914
Thailand,2028,0.0006094812972127106,0.0003047406486066638
Thailand,2029,0.00030116996056182746,0.00015058498028035826
Thailand,2030,0.00014882101420776706,7.441050711045702e-05
Thailand,2031,7.353896773384904e-05,3.676948386130546e-05
Timor-Leste,2027,3.814278723879646e-12,1.909768676836334e-12
Timor-Leste,2028,1.8067636060481844e-13,9.430956428821223e-14
Timor-Leste,2029,2.0075151178313125e-14,0.0
Timor-Leste,2030,0.0,0.0
Timor-Leste,2031,0.0,0.0
Togo,2027,-0.0053891184749248686,-0.0026945592374544203
Togo,2028,0.002924047483307524,0.001462023741650705
Togo,2029,-0.0015864084200587372,-0.000793204210033092
Togo,2030,0.0008607265120179234,0.0004303632560118971
Togo,2031,-0.00046698693077896006,-0.00023349346538143923
Tokelau,2027,0.0,0.0
Tokelau,2028,0.0,0.0
Tokelau,2029,0.0,0.0
Tokelau,2030,0.0,0.0
Tokelau,2031,0.0,0.0
Tonga,2027,0.0,0.0
Tonga,2028,0.0,0.0
Tonga,2029,0.0,0.0
Tonga,2030,0.0,0.0
Tonga,2031,0.0,0.0
Trinidad and Tobago,2027,0.0019698945224007483,0.0009849472611955044
Trinidad and Tobago,2028,-0.0008852393265703296,-0.00044261966328436564
Trinidad and Tobago,2029,0.00039782385848746927,0.00019891192923971672
Trinidad and Tobago,2030,-0.00017877853705956112,-8.938926852883276e-05
Trinidad and Tobago,2031,8.034196273002962e-05,4.017098135814715e-05
Tunisia,2027,1.1619562186381593,0.5809781093190686
Tunisia,2028,1.1486023021086913,0.5743011510543515
Tunisia,2029,1.1355517558872021,0.5677758779436083
Tunisia,2030,1.122794358265976,0.5613971791329886
Tunisia,2031,1.1103203416484912,0.5551601708242401
Turkey,2027,0.0,0.0
Turkey,2028,0.0,0.0
Turkey,2029,0.0,0.0
Turkey,2030,0.0,0.0
Turkey,2031,0.0,0.0
Turkmenistan,2027,0.3747689720710671,0.1873844860355277
Turkmenistan,2028,-0.37336957555117706,-0.18668478777559644
Turkmenistan,2029,0.37476872521027693,0.18738436260515298
Turkmenistan,2030,-0.3733693305304808,-0.1866846652652334
Turkmenistan,2031,0.37476847834970406,0.18738423917485592
Turks and Caicos Is.,2027,1.131656611163866,0.5658283055819352
Turks and Caicos Is.,2028,0.9326393776168406,0.46631968880840546
Turks and Caicos Is.,2029,0.7701375917817858,0.38506879589088394
Turks and Caicos Is.,2030,0.6369754226413582,0.31848771132068804
Turks and Caicos Is.,2031,0.5275350310986868,0.2637675155493503
Tuvalu,2027,-4.590596774935292,-2.2952983874676502
Tuvalu,2028,4.771020354809037,2.385510177404511
Tuvalu,2029,-4.515474535805919,-2.257737267902954
Tuvalu,2030,4.689253432308783,2.3446267161543815
Tuvalu,2031,-4.441553562309417,-2.220776781154709
US Virgin Islands,2027,0.0,0.0
US Virgin Islands,2028,0.0,0.0
US Virgin Islands,2029,0.0,0.0
US Virgin Islands,2030,0.0,0.0
US Virgin Islands,2031,0.0,0.0
Uganda,2027,0.26627064557695507,0.13313532278846366
Uganda,2028,0.22957324945574598,0.11478662472788623
Uganda,2029,0.19800595518874847,0.09900297759437425
Uganda,2030,0.1708331014703047,0.08541655073514488
Uganda,2031,0.14742922816455833,0.07371461408227474
Ukraine,2027,4.973856571598712e-05,2.4869282861678032e-05
Ukraine,2028,1.300769788895605e-05,6.503848951462293e-06
Ukraine,2029,3.4017922583839053e-06,1.7008961453076777e-06
Ukraine,2030,8.89641788042296e-07,4.448208823743656e-07
Ukraine,2031,2.3266045905043842e-07,1.1633023484642917e-07
Un. Sov. Soc. Rep.,2027,,0.0
Un. Sov. Soc. Rep.,2028,,0.0
Un. Sov. Soc. Rep.,2029,,0.0
Un. Sov. Soc. Rep.,2030,,0.0
Un. Sov. Soc. Rep.,2031,,0.0
United Arab Emirates,2027,0.0,0.0
United Arab Emirates,2028,0.0,0.0
United Arab Emirates,2029,0.0,0.0
United Arab Emirates,2030,0.0,0.0
United Arab Emirates,2031,0.0,0.0
United Kingdom,2027,-0.00022942012583033265,-0.00011471006292059216
United Kingdom,2028,-0.0004078224653014581,-0.00020391123265998986
United Kingdom,2029,0.00018382496234954548,9.191248118232783e-05
United Kingdom,2030,-9.478707647711057e-06,-4.739353817646463e-06
United Kingdom,2031,-2.2877954479007965e-05,-1.143897724217521e-05
United States of America,2027,1.9062881754059915e-05,9.531440887170823e-06
United States of America,2028,-6.738602317499778e-06,-3.369301164377418e-06
United States of America,2029,2.3820518584292946e-06,1.1910259173232902e-06
United States of America,2030,-8.420396753879565e-07,-4.210198462605869e-07
United States of America,2031,2.9765548991756414e-07,1.4882774618437892e-07
Uruguay,2027,0.005579437983412179,0.0027897189916968024
Uruguay,2028,0.0033227643366346695,0.0016613821683265704
Uruguay,2029,0.0019788752945176773,0.0009894376472500046
Uruguay,2030,0.0011785368023233063,0.0005892684011567391
Uruguay,2031,0.000701893704196485,0.0003509468520967683
Uzbekistan,2027,2.47362982871645,1.2368149143582396
Uzbekistan,2028,-1.0269544690034933,-0.5134772345017435
Uzbekistan,2029,1.5795757620854993,0.7897878810427656
Uzbekistan,2030,-0.8015119646325881,-0.4007559823162979
Uzbekistan,2031,1.0328533348931495,0.5164266674465837
Vanuatu,2027,-2.5763147076696358e-06,-1.288157357173331e-06
Vanuatu,2028,-2.726202504190238e-07,-1.3631013739218896e-07
Vanuatu,2029,-2.8848098319408752e-08,-1.44240506659247e-08
Vanuatu,2030,-3.052635405211044e-09,-1.5263117093889156e-09
Vanuatu,2031,-3.230231860868289e-10,-1.6151622105229005e-10
"Venezuela, Boliv Rep of",2027,0.0,0.0
"Venezuela, Boliv Rep of",2028,0.0,0.0
"Venezuela, Boliv Rep of",2029,0.0,0.0
"Venezuela, Boliv Rep of",2030,0.0,0.0
"Venezuela, Boliv Rep of",2031,0.0,0.0
Viet Nam,2027,-6.530350345257563,-3.26517517262878
Viet Nam,2028,6.144423641518645,3.072211820759323
Viet Nam,2029,-5.0909549432404475,-2.5454774716202344
Viet Nam,2030,4.717445970010561,2.358722985005273
Viet Nam,2031,-3.9618969800994677,-1.9809484900497412
Wallis and Futuna Is.,2027,0.0,0.0
Wallis and Futuna Is.,2028,0.0,0.0
Wallis and Futuna Is.,2029,0.0,0.0
Wallis and Futuna Is.,2030,0.0,0.0
Wallis and Futuna Is.,2031,0.0,0.0
Western Sahara,2027,,0.0
Western Sahara,2028,,0.0
Western Sahara,2029,,0.0
Western Sahara,2030,,0.0
Western Sahara,2031,,0.0
Yemen,2027,0.10257962143027115,0.05128981071513898
Yemen,2028,-0.061810095469632675,-0.030905047734812768
Yemen,2029,0.03730538504853511,0.018652692524249996
Yemen,2030,-0.022493297825826444,-0.01124664891291697
Yemen,2031,0.013570455444944488,0.006785227722460397
Yugoslavia SFR,2027,,0.0
Yugoslavia SFR,2028,,0.0
Yugoslavia SFR,2029,,0.0
Yugoslavia SFR,2030,,0.0
Yugoslavia SFR,2031,,0.0
Zambia,2027,-6.249860720542211e-06,-3.1249303657339276e-06
Zambia,2028,2.07079709815497e-06,1.0353985503943132e-06
Zambia,2029,-4.730278532912765e-07,-2.3651393310153073e-07
Zambia,2030,8.398659566604716e-08,4.199330109500316e-08
Zambia,2031,-1.0969596632882415e-08,-5.484800901016178e-09
Zanzibar,2027,0.0,0.0
Zanzibar,2028,0.0,0.0
Zanzibar,2029,0.0,0.0
Zanzibar,2030,0.0,0.0
Zanzibar,2031,0.0,0.0
Zimbabwe,2027,2.1034620916712057,1.051731045835606
Zimbabwe,2028,2.0600921238848198,1.0300460619424128
Zimbabwe,2029,2.018473751127417,1.0092368755637147
Zimbabwe,2030,1.9785029605647022,0.9892514802823419
Zimbabwe,2031,1.9400838148075343,0.9700419074037746
