Country,1950,1951,1952,1953,1954,1955,1956,1957,1958,1959,1960,1961,1962,1963,1964,1965,1966,1967,1968,1969,1970,1971,1972,1973,1974,1975,1976,1977,1978,1979,1980,1981,1982,1983,1984,1985,1986,1987,1988,1989,1990,1991,1992,1993,1994,1995,1996,1997,1998,1999,2000,OFR,OFR_change,PriceIndex
Afghanistan,100,100,100,100,100,200,200,200,200,200,200,300,300,300,300,300,300,400,400,460,460,560,560,560,560,660,770,770,770,770,870,870,870,970,970,970,970,1170,1170,1170,1400,1400,1500,1500,1600,1600,1600,1550,1500,1500,1300,10000.0,145.5882352941171,1245.2932659401467
Albania,1500,1600,2100,2500,2400,2600,2500,2700,2600,2700,2600,3200,2800,3000,3000,4000,4000,5000,6000,7000,8000,8000,8000,8000,8500,8500,8500,8500,9000,9000,9000,9376,9511,9815,8006,11399,11922,13134,14559,11961,15015,3871,3093,2889,2495,1719,2448,1110,2807,3057,3635,993.6666666666669,13.142156862745196,598.6477405530627
Algeria,27300,23100,29100,22798,20962,25898,21956,21952,18578,22100,25500,30400,21500,16900,17300,18300,20350,21150,18250,23150,24234,23715,28313,31243,35758,37693,35122,43475,34143,38678,48000,56000,64500,65002,65595,66141,65511,94366,106738,99552,90599,79852,95413,102194,135791,106241,82311,91902,92620,102649,113508,424.27106227106225,4.7686920922214995,3365.0427197248882
American Samoa,0,0,0,0,0,0,0,0,0,0,0,0,0,0,0,0,0,0,0,0,0,0,0,100,82,136,113,202,193,183,148,153,112,112,152,118,181,78,123,102,42,50,60,40,132,176,225,448,610,554,851,3039.0,44.69117647058829,419.97575750034036
Andorra,0,0,0,0,0,0,0,0,0,0,0,0,0,0,0,0,0,0,0,0,0,0,0,0,0,0,0,0,0,0,0,0,0,0,0,0,0,0,0,0,0,0,0,0,0,0,0,0,0,0,0,728.6688741721855,0.0,50.0
Angola,139200,183000,157300,224400,265200,294400,425500,400500,283200,272700,257300,246800,274800,245300,362000,263300,335300,299300,303100,425200,374501,324322,606656,478659,399784,160581,81542,120407,125630,113072,85085,130957,111488,110376,95188,100093,84660,107490,126031,137465,133088,117104,113625,126200,132413,122781,137815,146304,163149,175799,239356,318.9705459770115,3.22015508789724,298.1483171772802
Anguilla,0,0,0,0,0,0,0,0,0,0,0,0,0,0,0,0,0,0,0,0,100,100,100,100,196,196,196,246,246,246,323,323,323,353,373,373,537,500,470,434,397,372,463,364,371,379,433,458,483,508,538,758.0,11.147058823529392,419.97575750034036
Antigua and Barbuda,100,100,200,200,200,300,400,600,800,700,600,800,800,800,700,800,800,800,800,800,900,900,1200,1500,1590,1601,1613,1821,1620,1219,1171,1157,950,1063,1465,2407,2400,1985,1488,990,875,1481,1692,1046,1095,1576,1434,1639,1675,1626,1723,3175.0,45.22058823529369,947.1265567043587
Argentina,58600,78600,79700,78200,79100,79900,77200,83300,84200,91400,103800,101900,101307,130573,168608,205005,250805,240868,223132,202815,214519,228631,237975,302020,296001,232251,281776,402780,541959,580735,400101,374882,488235,428207,322692,419724,422663,461892,496394,494983,561157,642671,745984,985251,1000460,1176947,1291387,1390864,1166429,1088144,923584,1425.7423208191126,19.496210600281074,478.0667997489676
Armenia,0,0,0,0,0,0,0,0,0,0,0,0,0,0,0,0,0,0,0,0,0,0,0,0,0,0,0,0,0,0,0,0,0,0,0,0,0,0,7017,7342,7755,4570,4450,4100,2603,1941,1230,1250,1135,2033,2026,247.52743337608663,3.64010931435422,419.97575750034036
Aruba,0,0,0,0,300,300,200,100,200,200,200,200,300,300,300,300,300,400,400,400,400,400,400,500,550,600,650,700,770,770,770,770,770,770,770,770,700,620,550,480,420,350,300,260,260,140,160,205,182,175,163,49.666666666666664,0.7303921568627558,419.97575750034036
Australia,33100,36800,45664,52209,53524,52422,50364,55564,55222,58786,61345,61778,67136,72999,73332,83876,95708,99757,110337,98579,104218,115969,126697,128690,143486,113404,115016,147697,140839,146614,145867,162333,180767,178157,185799,172379,192817,222489,232526,210964,246942,258397,266556,266979,239526,250116,245323,247004,252579,268522,238126,821.2658610271903,10.606850897458685,329.16654400060986
Austria,1300,1200,1700,1800,2000,2300,2800,3200,3500,4000,4200,4200,4500,4600,4900,5100,4900,4200,4000,3500,3200,2900,2600,2200,2070,2040,2360,2470,3700,4100,4300,4400,4500,4700,4700,4800,4700,4600,5100,5000,3659,3635,3619,3560,3491,3322,3399,3483,3360,3499,3286,42.84615384615385,-0.8404977375565608,100.78191906885989
Azerbaijan,0,0,0,0,0,0,0,0,0,0,0,0,0,0,0,0,0,0,0,0,0,0,0,0,0,0,0,0,0,0,0,0,0,0,0,0,0,0,56996,54406,41665,39663,32029,22934,19939,11061,7121,5525,4971,21082,18937,3.6476243946943647,0.05364153521609394,419.97575750034036
BES,0,0,0,0,0,0,0,0,0,0,0,0,0,0,0,0,0,0,0,0,0,0,0,0,0,0,0,0,0,0,0,0,0,0,0,0,0,0,0,0,0,0,0,0,0,0,0,0,0,0,0,26.70807453416149,0.39276580197295985,419.97575750034036
BLM,0,0,0,0,0,0,0,0,0,0,0,0,0,0,0,0,0,0,0,0,0,0,0,0,0,0,0,0,0,0,0,0,0,0,0,0,0,0,0,0,0,0,0,0,0,0,0,0,0,0,0,100.0,1.470588235294116,419.97575750034036
Bahamas,600,1000,700,1100,1500,1700,1600,1500,1500,1700,1600,1500,1600,1700,1900,2950,3800,2950,2750,2350,2750,2950,3300,4400,4663,4693,4750,5327,5114,5765,7119,7622,7728,8526,8432,11188,8685,10532,10488,9828,9725,11864,12183,13507,14820,13179,14027,14652,14480,13668,15529,1819.1666666666667,25.281862745097897,575.7812704664576
Bahrain,800,800,900,900,1000,1000,1000,1200,1200,1200,1500,1500,1500,1800,1800,2000,2500,2800,3000,3300,3500,3600,3700,3800,3900,4000,4084,4837,4000,3801,5115,5747,5594,4812,5599,7763,8057,7842,6736,9207,8105,7553,7983,8958,7628,9393,12943,10050,9850,10623,11730,1875.0,26.10294117647095,629.0948068945142
Bangladesh,200180,200200,200220,250250,300280,300310,300350,350400,350450,400510,400570,450640,500720,500810,550910,601030,601150,601300,651460,651650,690100,740100,818100,820200,822082,640070,641605,643769,646895,647128,646970,651256,689498,726587,750196,766081,793191,805285,830593,839944,846144,900720,936195,1002567,1034980,1109462,1193874,1315290,1413953,1552417,1661384,2136.397742032171,29.94702561811937,507.74366627309655
Barbados,3013,3013,4513,3713,2813,2813,3213,4113,4513,4413,5213,4613,4713,2813,2113,2613,4813,4613,3213,3013,2313,2313,2313,2613,2668,4223,4952,3188,3597,4267,3747,3423,3492,6534,5784,3832,4112,3610,8939,2585,3029,2292,3585,3225,2829,3592,3523,2820,3655,3281,3185,58.31397278460007,-0.6130298119911757,173.5029913451864
Belarus,0,0,0,0,0,0,0,0,0,0,0,0,0,0,0,0,0,0,0,0,0,0,0,0,0,0,0,0,0,0,0,0,0,0,0,0,0,0,19000,21457,19626,15543,9922,10011,7721,6178,6859,4821,5184,5804,7269,51.99473684210526,0.7646284829721353,419.97575750034036
Belgium,58400,56800,70600,74300,72700,80100,69100,62900,64000,57500,63700,61600,59900,62000,59500,59700,62800,63800,68200,58700,53000,60200,59000,53300,46820,49031,44503,45372,50597,47157,45705,49426,48044,48835,48181,45555,39996,40831,42241,40368,42135,40737,37966,36935,35100,36445,31769,31346,31681,31473,31671,39.582191780821915,-0.8884971796937933,60.73579689854236
Belize,400,400,400,500,600,500,600,600,900,1000,900,600,800,900,900,800,900,1300,1300,1600,1500,1800,1900,1600,1618,1603,1613,3082,2808,2554,2066,2252,2288,2641,2672,2427,1861,2059,2151,2312,2132,2679,2715,4573,8326,10669,13172,26185,28242,54990,33952,54167.49999999999,795.1102941176432,7104.172646650823
Benin,11000,11000,11000,11000,17000,17000,23000,23000,23000,25000,26000,28000,30000,25000,26000,20000,18800,35600,35900,36600,43110,43404,43202,40673,39402,37533,37104,36528,35879,35700,37832,37768,37521,34628,35290,36371,38753,41903,37346,41860,38234,35083,32488,39221,39923,44379,42175,43785,42139,40437,32324,499.6272727272728,5.876871657754009,277.9786274168899
Bermuda,500,500,400,500,500,400,400,450,450,500,500,500,400,400,450,450,500,500,550,550,900,2380,2820,3220,3599,4572,7208,7635,8723,6347,4105,2024,2348,927,538,670,820,821,773,774,463,428,432,404,394,449,465,461,466,453,290,70.8,-0.4294117647058755,143.9834504790512
Bhutan,50,50,60,60,80,80,100,100,100,100,100,100,100,150,150,150,150,150,150,150,150,150,150,150,150,150,150,150,150,150,150,145,140,135,130,125,120,115,125,117,131,130,125,115,110,105,100,95,90,85,80,436.00000000000006,4.941176470588175,456.2440214708841
Bolivia (Plurinat.State),500,500,500,600,600,600,800,800,800,500,700,500,1300,1400,1900,1800,1700,1500,1300,1200,1100,1300,1500,1500,1050,1050,1250,1550,1550,3650,4379,5617,4105,4105,4105,4170,3871,4271,4427,6024,7424,5367,5171,6167,5970,6308,6368,6425,6440,6450,6511,2100.0,29.411764705882433,711.5003265508136
Bosnia and Herzegovina,0,0,0,0,0,0,0,0,0,0,0,0,0,0,0,0,0,0,0,0,0,0,0,0,0,0,0,0,0,0,0,0,0,0,0,0,0,0,0,0,0,0,201,201,201,201,252,253,254,255,255,452.73631840796014,6.657887035411193,419.97575750034036
Botswana,300,300,300,350,350,350,350,400,400,400,400,400,500,500,500,500,600,600,800,800,800,1100,1200,1200,1200,1200,1600,1500,1000,1000,1250,1450,1400,1250,1500,1500,1700,1900,1900,1600,1300,1000,800,600,400,200,81,160,191,157,166,17.666666666666668,-1.2107843137254903,144.041777467262
Brazil,153100,158300,174600,160700,172000,190200,207900,212100,211900,239100,251000,275100,379400,335588,368976,388912,393162,419796,495176,492303,573040,613469,620167,760012,715188,752790,660241,731716,754655,783573,808606,811565,831884,881274,960569,967557,957550,947992,830102,798638,640295,671510,670333,676441,701251,652910,693172,732261,710704,744598,839296,862.1959503592424,11.208763975871193,326.2606636758468
British Indian Ocean Ter,0,0,0,0,0,0,0,0,0,0,0,0,0,0,0,0,0,0,0,0,0,0,0,0,0,0,0,0,0,0,0,0,0,0,0,0,0,0,0,0,0,0,0,0,0,0,0,0,0,0,0,35.714285714285715,0.5252100840336169,419.97575750034036
British Virgin Islands,100,100,100,200,200,200,200,300,300,300,300,400,400,400,400,400,400,300,300,300,300,300,300,300,306,318,330,340,350,360,370,380,390,407,470,520,543,565,582,615,624,634,453,343,470,532,506,105,116,115,43,1193.0,16.07352941176464,1753.71656463708
Brunei Darussalam,500,500,700,600,500,700,700,700,800,800,800,900,900,1000,1000,1100,1200,1200,1300,1300,1500,1500,1500,1500,1560,1570,1644,2193,2704,2792,2225,2367,2357,3055,3425,3967,4106,3916,2042,2318,2354,1652,1709,1764,4517,4822,5848,4678,5221,3380,2600,2760.2,39.120588235294235,1082.3188997498628
Bulgaria,4000,4000,4500,5600,9100,6800,6500,6000,6100,6100,8700,8100,9600,7500,13700,21183,27375,44881,61484,84473,94201,100704,111017,102010,118559,158121,167144,137997,99028,86107,125187,106673,115618,121126,115567,100223,109452,111652,118018,102966,57103,57854,32148,21555,12685,12627,13581,16674,23198,18336,12317,215.85,1.703676470588249,262.3126377427444
Burkina Faso,800,800,900,900,1000,1000,1300,1300,1500,1500,2000,2500,2500,3000,3500,3500,4000,4500,4500,4500,5000,5000,4000,5000,5000,5000,6000,6000,7000,7000,6500,7500,7000,7214,7374,7433,7630,7826,7907,8006,7006,7005,7505,7000,8000,8000,8030,8045,8375,7625,8505,3480.8750000000005,49.71875,681.5725503939564
Burundi,1700,2200,4100,4200,5600,5600,5400,9700,11500,11000,9200,5300,7200,10600,9700,20200,16600,12300,15000,15600,13300,16900,7500,8500,10982,14547,20333,18900,15682,11250,14767,11880,12131,11366,11363,11371,11861,12034,11701,10787,17425,21044,24123,17050,22050,21151,3091,20346,13476,9249,17365,1285.8823529411766,17.439446366782022,1773.2029029053035
CUW,0,0,0,0,0,0,0,0,0,0,0,0,0,0,0,0,0,0,0,0,0,0,0,0,0,0,0,0,0,0,0,0,0,0,0,0,0,0,0,0,0,0,0,0,0,0,0,0,0,0,0,171.7405091963396,2.5255957234755613,419.9757575003403
Cambodia,20000,20000,23000,24000,25000,28000,30000,30000,32000,32000,35000,45000,45000,40000,40000,45000,45000,50000,50000,52000,52200,77100,87100,84700,84700,84700,84704,84711,40925,30053,19706,51594,68715,68161,64424,70578,73651,82224,86896,82184,111427,117854,111228,108969,103254,112511,104310,114600,122000,284156,298798,4716.025,67.88272058823532,1088.2681584686948
Cameroon,22000,22000,22000,22300,39100,43800,45400,56500,60600,50200,51700,56500,58100,59400,59800,61100,62600,63400,65100,68100,68800,64700,60400,57600,55736,66280,70397,70172,68878,81236,81085,79818,83101,77397,75581,74099,72104,70773,70966,69967,70848,69392,72032,65307,79070,94188,98587,102067,106867,110067,112159,1292.1636363636362,17.531818181818153,410.6401258674158
Canada,956772,933799,856968,851271,1052375,979533,1131570,1018447,1007238,1054393,931042,1036870,1123387,1213157,1213316,1242713,1358682,1296355,1495890,1404864,1396089,1317649,1174655,1169095,1045856,1031900,1134435,1271867,1408150,1450442,1376925,1448401,1430442,1375319,1312249,1482788,1544397,1631973,1728032,1682396,1726748,1548466,1375876,1214701,1112524,945560,998319,1082952,1122419,1160246,1160351,107.71082347727568,0.11339446290112676,109.29928746906323
Cape Verde,900,800,1000,1400,1700,1600,1300,1300,1700,1500,1600,1600,1500,2000,2500,3500,4000,5900,4900,4000,5181,4153,4078,8333,3428,3900,3800,6000,7000,7476,8837,14730,12453,11863,10730,10190,7335,7312,6387,8614,6579,7378,6573,7000,8256,8495,9255,9705,9424,10360,10586,2954.0,41.97058823529369,999.6661611616489
Cayman Islands,0,0,0,0,0,0,0,0,0,0,0,0,0,0,0,0,0,0,0,0,0,0,0,0,0,0,0,0,0,500,1391,3992,933,655,423,396,478,1097,386,615,837,586,825,445,125,125,110,125,125,125,125,25.0,0.367647058823529,419.97575750034036
Central African Republic,1000,1000,1000,1000,1500,1500,1500,1500,2000,2000,2000,2000,2000,2500,2500,3000,4000,5000,5000,6000,7000,8000,8000,10000,11883,8049,10480,13030,13047,13064,13080,13094,13111,13128,13309,13288,13193,13088,13079,13082,13105,13605,13338,13551,13755,13960,14150,14330,14580,15117,15120,2919.0,41.455882352941444,640.91294948428
Chad,30000,30000,30000,35000,35000,35000,38000,38000,40000,40000,40000,45000,45000,45000,50000,55000,60000,60000,65000,65000,70000,70000,70000,70000,75000,75000,75000,80000,75000,70000,60000,55000,30000,40000,50000,55000,60000,70000,58000,64400,70000,60000,80000,87300,80000,90000,100000,85000,51300,59600,83200,358.16666666666663,3.796568627450995,233.42207488395505
Chile,92700,99100,124000,112200,149500,220300,195300,220220,232895,279594,346822,440905,643697,773891,1176119,729277,1404860,1085695,1392284,1110093,1230468,1516362,820980,694470,1171969,970553,1436857,1378970,1989159,2697021,2892854,3503373,3846789,4167505,4674028,4986865,5695537,4931660,5375983,6632640,5424055,6166043,6627364,6191764,8021446,7890723,7232746,6365709,3824607,5587316,4972652,2556.0474649406688,36.11834507265712,859.7783312171969
China,956100,1396400,1754543,1976330,2400067,2636082,2776737,2746350,2779528,3032559,3173600,3173600,3280400,3348000,3483200,3690000,3825200,3825200,3931900,4067100,3970690,4494570,4996282,4922582,5360583,5654493,5703574,6411153,6438622,5973332,6252312,6174007,6766618,7327544,8211953,9236137,10416481,11733919,13189029,14326208,15107495,17147309,20607711,24697356,29231422,33865204,37799524,38467260,41144461,43209033,44573574,8468.325802740299,123.06361474618097,1046.99177869395
"China, Hong Kong SAR",35050,35050,40055,39660,46065,44670,44780,51210,48820,54635,50450,54865,59480,61000,63820,66860,64550,68129,112182,117460,136337,128074,135397,128506,142471,151186,157256,158739,162943,189932,194684,182511,181167,189282,200392,198196,213557,228102,238168,242514,234495,230912,229516,226844,219976,203570,192274,194310,186439,133832,162000,366.4251069900143,3.9180162792649185,216.01582993611086
"China, Macao SAR",4900,4500,4300,4100,4900,5500,5500,5500,5500,5800,5800,5800,5800,5500,5800,7000,7500,7500,7000,7000,5900,6100,5900,6000,6000,6000,7400,7160,9236,7881,6624,7545,6656,6250,8800,9100,8042,3517,2485,3464,2583,2322,2668,1898,1890,1604,1418,1500,1500,1500,1500,30.612244897959183,-1.020408163265305,60.05648808134904
Colombia,16000,16000,16000,17000,17500,18900,21200,30100,25100,22500,29800,43300,52000,47700,50300,53500,59200,86200,83600,57600,54500,37700,110700,105300,62418,66575,75109,63972,79590,63411,76224,94731,71442,57639,79289,71696,83643,86065,89927,97729,130129,115802,168235,148938,125418,167636,160089,191763,180549,180373,198847,1263.025,17.10330882352946,561.1630056342059
Comoros,835,935,918,818,818,835,835,717,717,817,817,817,917,917,917,917,875,875,1235,1235,1661,2469,2878,3286,4046,4755,4863,5620,6026,6485,6951,7459,7974,8493,8999,9515,9970,10378,10913,10751,11251,11551,12590,12757,13537,13109,12696,12576,12317,11818,12003,1567.5449101796407,21.58154279675955,705.2985576078975
"Congo, Dem. Rep. of the",43500,38300,49200,66600,65700,86100,96200,122400,136700,153400,77000,75000,77000,69500,75000,81000,84000,93400,127700,149300,136600,123900,124200,156900,128810,113380,117858,107000,108706,115182,102415,102640,100700,102000,148300,148456,156514,162300,162600,167000,163400,166550,188570,197489,156547,159227,163610,163211,179874,210441,246695,554.4827586206897,6.683569979716026,292.44217669310774
"Congo, Republic of",7000,7000,7500,8000,8000,9000,9000,10000,10000,11000,11000,11000,12600,12500,13600,14000,14200,13600,14100,13900,14399,16010,24526,22200,23718,23103,26869,24364,26297,29630,31965,29665,30835,35255,32854,29939,32083,37852,41977,45840,48210,45577,40183,46982,42785,45915,45579,38181,43095,43699,46024,1410.642857142857,19.274159663865476,428.56714941953663
Cook Islands,700,700,800,900,800,800,700,700,700,800,800,850,850,800,800,850,850,900,900,900,850,850,850,900,920,920,1020,1020,1113,854,864,904,934,964,995,1043,1080,1083,1090,1136,1155,1138,1023,1050,1065,1147,1070,947,855,845,1025,636.1428571428571,7.884453781512548,502.286414734667
Costa Rica,500,500,600,600,600,700,800,900,1300,1600,2200,2400,2500,2400,3600,3400,3300,3500,5000,4100,8100,10560,12550,12360,15554,16174,14201,15401,22655,20785,16453,16051,12625,11187,16575,20489,23057,17240,17069,17440,18943,18018,18254,19507,21044,24197,31321,33696,32557,37353,44871,6898.6,99.97941176470613,1156.2534073765783
Croatia,0,0,0,0,0,0,0,0,0,0,0,0,0,0,0,0,0,0,0,0,0,0,0,0,0,0,0,0,0,0,0,0,0,0,0,0,0,0,0,0,0,0,33530,31229,22418,20273,21124,20545,27927,25213,27943,215.09394572025053,3.163146260591901,419.97575750034036
Cuba,9800,10000,10200,10500,11500,12800,15600,22000,21900,28200,31200,30600,35000,35612,37165,41080,43826,65975,66250,78919,104500,127110,139711,150387,164629,144053,194490,184759,213176,153701,186450,164834,195296,198494,199807,219810,244505,214715,231034,191820,188018,171021,111907,97684,93934,102287,120504,113087,98269,100761,101266,522.9489795918367,6.219837935174155,341.12535599084225
Cyprus,500,400,400,400,500,600,500,500,600,500,500,400,600,600,600,1006,1009,1014,1412,1409,1363,1255,1340,1459,1221,950,1083,1220,1276,1314,1339,1462,1591,1988,2266,2438,2597,2593,2564,2626,2709,3048,9491,10275,9718,9772,13313,25788,20482,41060,70223,1761.0,24.42647058823536,1460.5080087033548
Czech Republic,0,0,0,0,0,0,0,0,0,0,0,0,0,0,0,0,0,0,0,0,0,0,0,0,0,0,0,0,0,0,0,0,0,0,0,0,0,0,0,0,0,0,0,23427,22610,22608,21724,20881,21183,22965,24129,108.426174926367,1.5945025724465722,419.97575750034036
Czechoslovakia,3840,4370,7079,7486,6439,6741,6920,7856,8435,9031,9158,10426,10415,10089,11074,11698,12218,12474,14342,14630,13995,14825,16380,16388,16800,18053,18425,19011,18042,17668,16810,17671,19084,20486,23188,23813,25534,25253,25637,25232,26630,26346,28485,0,0,0,0,0,0,0,0,0.0,0.0,143.61992821181107
Côte d'Ivoire,15100,15100,19500,20000,20000,20000,24000,30500,30500,34500,40500,42100,43600,45600,54600,59500,60800,66100,68400,67400,64302,77530,75199,60763,66690,58590,75917,67054,65012,73621,70068,75586,73753,79858,73701,101927,103648,101682,89506,99171,95100,83108,87345,70174,74095,70575,73839,67617,73390,79273,81520,728.6688741721855,9.245130502532106,323.91244880822245
Denmark,244446,281100,312800,331500,353800,418241,455950,526100,598000,668000,574647,637492,785102,847904,871061,840830,850802,1070415,1466808,1275401,1226500,1400901,1442920,1443661,1835370,1767039,1919197,1806612,1750769,1741256,2032073,1859445,1931373,1870909,1851484,1796989,1849758,1707816,1974414,1929294,1517646,1793244,1997091,1654028,1916208,2043763,1723442,1866549,1599703,1447670,1577698,337.7993503677704,3.497049270114246,229.16105620872025
Djibouti,500,800,500,500,900,800,500,600,800,600,900,800,900,1000,300,300,300,300,300,300,300,300,100,200,380,300,230,230,230,231,251,385,426,409,409,380,409,426,454,399,360,252,275,300,320,350,400,500,600,700,800,420.4,4.711764705882388,454.8488176889618
Dominica,600,600,600,800,800,600,400,400,400,500,500,500,600,600,600,500,500,500,600,600,500,600,700,800,900,1001,1024,1047,1070,642,1445,1514,1545,800,700,640,644,500,500,500,458,552,717,797,885,954,1034,1084,1217,1205,1207,127.0,0.3970588235294201,164.32918325401707
Dominican Republic,600,600,700,700,1000,1200,1400,1700,2000,1600,1300,1600,1700,3200,4200,4100,3500,3200,4600,4800,5200,4600,5600,9200,6810,5906,7053,4594,5086,7885,10658,12003,13169,12852,13925,17194,17282,20452,12940,21884,19775,17454,13661,14204,26814,20080,13683,15212,10981,9166,13140,2673.666666666667,37.848039215686185,882.0018444488081
Ecuador,7000,8000,8600,9100,12500,15000,21800,26400,31100,35900,44300,38600,42500,49700,46300,53500,48200,57500,68900,64900,91020,102580,107040,152078,176500,215789,282793,425506,614512,605275,639542,539294,607927,372429,883405,1087676,1004271,680134,876024,682793,366643,437670,343511,374396,419344,614795,811854,671384,468138,629607,657800,12316.771428571428,179.65840336134352,1948.6827628223045
Egypt,43900,49600,53800,52100,56700,63400,70600,75200,80000,85600,88500,92000,118000,115000,135000,102400,99000,80300,80500,80000,76758,84268,79209,87514,98344,106574,102764,104541,99915,137481,140397,141710,155728,157302,163838,215952,229146,231110,284327,293604,312952,346048,346295,354039,368203,407115,431571,457036,545594,648942,724408,4407.159453302961,63.340580195632356,766.2490398354875
El Salvador,2500,2500,2600,2600,2800,2800,2900,2900,5500,5800,7300,8000,8200,8400,9200,9600,10600,9900,10200,10300,11100,10700,10400,12400,9654,8730,7201,6368,9540,12738,13958,20770,12916,7603,12189,16098,20446,21534,11733,10637,9159,11327,12615,13079,14883,15590,14791,12281,11377,10194,9851,2491.88,35.17470588235301,821.1911675750353
Equatorial Guinea,100,100,100,200,200,300,300,500,500,800,900,500,800,1000,1000,600,1200,1100,3700,3500,4000,4000,4000,4000,4000,4000,4000,4000,4000,4000,2500,2500,2019,2341,4000,3600,4400,4000,4000,4000,3700,3500,3600,3507,5069,2306,5040,6090,6005,7001,3634,6425.0,93.01470588235225,1913.7297776117323
Eritrea,0,0,0,0,0,0,0,0,0,0,0,0,0,0,0,0,0,0,0,0,0,0,0,0,0,0,0,0,0,0,0,0,0,0,0,0,0,0,0,0,0,0,0,475,2706,3559,3252,1038,1629,6891,12724,905.2631578947368,13.31269349845195,419.97575750034036
Estonia,0,0,0,0,0,0,0,0,0,0,0,0,0,0,0,0,0,0,0,0,0,0,0,0,0,0,0,0,0,0,0,0,0,0,0,0,0,0,397782,375454,346083,329213,129689,147515,124508,132891,108992,126317,121854,113312,113572,21.987420245259965,0.32334441537147285,419.97575750034036
Ethiopia,3000,3000,4000,4000,5000,6200,6200,7400,7200,7600,8300,8600,9100,9600,12000,15900,16200,16200,14600,14400,17200,19100,14800,4700,5900,3930,2970,2472,2515,2800,3507,3828,3750,3900,4300,4000,4100,4000,4067,4269,4981,4262,4607,4203,5318,6380,8808,10394,14014,15873,15696,1911.0333333333333,26.632843137254895,676.8729371382245
Falkland Is.(Malvinas),0,0,0,0,0,0,0,0,0,0,0,0,0,0,0,0,0,0,0,0,0,0,0,0,0,0,0,0,0,0,0,0,0,0,0,8,8,23,2628,4624,5994,1476,1855,1974,5914,27190,31540,34445,52770,49692,75479,1209350.0,17784.558823529398,419.97575750034036
Faroe Islands,97500,92700,87200,88800,89400,105600,116300,105700,106700,87200,109375,120220,144252,137830,138990,144686,166294,173324,166187,176296,207772,207279,208162,246286,246675,285698,342013,310592,316980,266845,275286,243788,250878,330345,347352,373958,352195,391042,365943,310970,286096,246599,267528,265046,253040,296407,322171,351683,384933,400906,489222,757.9035897435897,9.675052790346854,324.2303750150729
"Fiji, Republic of",2000,2000,2000,2200,2200,2500,2500,2500,2800,2800,3000,3000,3000,3200,3400,3500,3500,3500,3800,3800,3900,3900,4700,4700,4800,5036,5589,7935,9250,20243,20404,23608,24931,24227,25639,26870,35027,38608,34209,35440,39276,32881,27511,30629,30300,30507,26877,30086,31796,56054,49357,2223.35,31.22573529411784,604.864609019219
Finland,34200,31300,29900,55500,57800,55900,53000,56500,62500,69200,65500,67000,64900,80500,62900,73250,70990,74090,92800,87300,81699,91401,89003,100000,111778,111336,119459,117831,139166,133672,164900,155094,163952,175193,178894,179188,167430,166189,175631,165108,151535,138591,169662,173823,180951,184830,196738,196526,187713,176017,171828,570.1608187134502,6.914129686962497,278.94216443699804
France,582756,621712,635528,705495,621717,776543,744612,706709,767906,781356,762676,791620,761211,799299,807550,856899,902398,925307,938596,855694,858902,846574,854245,892060,884204,879330,861687,837277,860782,838053,859144,873489,860743,884123,870364,922130,960303,926744,968675,944699,955871,902397,918551,957506,984872,969243,928742,929719,878262,921893,961251,136.84732546726246,0.5418724333420926,128.23094463991532
French Guiana,400,400,400,500,500,500,400,400,400,500,400,600,600,600,700,600,700,800,800,900,1200,1100,1500,1200,1142,1241,1207,1266,1240,1186,1150,1436,1992,2118,2186,2491,3326,5249,5540,6499,6548,7119,7617,6931,7819,8089,7377,6609,6727,6202,4868,460.50000000000006,5.301470588235304,275.63702023912083
French Polynesia,1500,1500,1500,1800,2500,1800,2200,1900,1800,2200,2600,2700,3000,2500,2500,1900,2100,2000,2100,2300,2300,2200,2400,2600,2386,2169,2828,2704,2994,2482,2747,2691,2671,2291,2889,2448,2361,2310,2860,3233,4304,4072,3846,8008,8590,8950,9698,11507,12464,12332,13841,958.6666666666666,12.627450980392041,396.25933030383015
French Southern Terr,300,300,300,300,400,400,400,500,500,500,600,600,600,800,900,800,900,800,900,800,800,700,700,700,632,600,533,689,850,823,843,994,962,921,912,911,707,673,620,429,367,388,464,460,524,519,437,375,388,425,272,140.0,0.5882352941176521,153.14259760963859
Gabon,3000,3000,3000,4000,4000,5000,5000,5500,6000,6000,6000,6500,7000,7000,7000,8000,8000,8000,9000,9000,10000,10000,10000,12000,12000,14900,14820,14010,17800,21000,19800,20146,20605,19449,21002,20955,20226,22188,22093,20502,20002,22003,24005,31797,31043,40476,46175,44250,53912,51813,48384,968.1666666666666,12.767156862745196,357.48185484717845
Gambia,2800,2800,2800,2900,3500,3500,3800,3800,4300,4500,4500,4800,5300,5300,5300,6200,6200,6200,6700,6700,7447,7739,7884,12294,12695,12695,12695,18092,14972,11143,13265,14739,9212,11653,11882,10712,13262,14642,13852,19842,21662,24985,18045,21308,22781,23699,31605,32747,29037,32643,29021,1770.0357142857142,24.55934873949559,539.1760732843206
Georgia,0,0,0,0,0,0,0,0,0,0,0,0,0,0,0,0,0,0,0,0,0,0,0,0,0,0,0,0,0,0,0,0,0,0,0,0,0,0,202628,148318,105181,60813,39145,18820,7641,3717,2554,2644,3097,1496,1877,105.24952129024616,1.5477870777977216,419.97575750034036
Germany,597750,729610,719760,792920,741080,883730,875890,888640,816900,813850,787910,748670,782420,837580,850030,864690,881650,951500,986660,970714,939498,846312,761507,850953,897600,828055,744507,655548,625086,590774,562566,585026,551637,544751,553756,426457,415388,399721,393112,412656,390739,310593,313544,322510,279013,303985,319648,324785,339107,317421,269975,52.431451275616894,-0.6995374812409239,73.54212143519031
Ghana,16000,16000,21000,21000,25200,26300,28300,30400,32900,38000,33800,36500,45700,59800,76600,76500,85700,99000,74100,131000,171611,232784,281331,221832,219327,261590,246820,272171,274887,237252,231855,240816,244492,251856,270013,276573,320177,382200,362477,362005,396232,362948,423855,373084,335937,353394,477294,447527,447341,499670,459346,2833.73125,40.2019301470591,677.6056438725681
Gibraltar,1,1,1,1,1,1,1,1,1,1,1,1,1,1,1,1,1,1,1,1,1,1,1,1,1,1,1,1,1,1,1,1,1,1,1,1,1,1,1,1,1,1,1,1,1,1,1,1,1,1,1,100.0,0.0,100.0
Greece,52050,43050,42980,46202,52715,56530,60975,75210,80210,82370,87430,85390,80490,80550,84130,90320,91630,94000,100760,95150,86139,95139,93129,104576,93678,96456,107574,108571,102697,105154,107614,103488,106710,102105,108539,114960,124848,134740,123666,136528,141904,151256,172914,191678,214306,184359,190902,205815,170071,204864,194760,150.0268972142171,0.7356896649149576,154.99691927150795
Greenland,25700,22500,24700,25000,24900,25800,27400,31500,32000,33200,34786,41895,43308,33317,38248,40643,44529,44916,34265,39245,39461,38354,41792,44297,51260,47593,44644,59865,68233,83135,103738,107487,106206,99311,86274,94949,102906,100413,120337,168786,143331,114164,113267,116775,117417,128890,116018,113851,123291,160253,159711,1171.408560311284,15.75600823987179,410.410141325986
Grenada,300,300,300,400,400,400,500,300,700,400,300,500,900,700,1100,1300,1200,1300,1300,1400,1300,1500,1700,1700,1634,1700,1700,2958,2238,1491,1419,788,982,1479,1555,1727,2296,2214,2092,1782,1911,2071,2115,2212,1599,1499,1577,1530,1837,1829,1705,856.6666666666666,11.127450980392041,509.61876917996267
Guadeloupe,1500,1500,1500,1700,1800,1900,1900,2700,3000,3100,3200,3300,3000,3200,3300,3100,2600,3500,3600,4500,4700,4900,5000,4620,6000,4740,5060,9525,9000,8500,8000,8300,8730,8836,8980,8421,8546,8606,8233,8544,8642,8574,8575,8640,8826,9530,9600,10500,9488,9134,8814,208.26666666666668,1.592156862745128,177.8787968396789
Guam,0,0,0,0,0,0,0,0,0,0,100,100,100,100,100,100,100,100,100,100,100,100,100,100,91,131,95,184,200,164,257,326,444,327,395,518,567,500,593,550,688,690,575,599,613,482,480,491,575,554,856,480.0,7.058823529411711,419.97575750034036
Guatemala,200,200,200,500,500,700,700,700,1000,1000,1000,1300,2100,2500,2700,2100,3000,2500,1900,3000,3400,3300,3100,3700,3881,4530,3653,3074,5504,4898,3507,4273,4293,2388,3024,3166,2647,3077,3725,4327,7798,7344,7813,10868,11604,11928,11074,11303,13971,25868,43166,22663.0,331.808823529409,3070.302696356964
Guinea,1000,1000,1000,1000,2000,2000,2000,3000,3000,3000,4000,4000,4000,4000,5000,5000,5000,6000,6000,6000,6000,8300,8300,9500,12100,13370,9920,9120,10000,18453,20000,22000,24000,26000,28003,30003,33002,35002,38001,41001,44001,49501,55005,60605,63805,67864,63364,62441,69764,87314,91513,28730.3,421.03382352941117,2506.149874697353
Guinea-Bissau,300,300,300,400,400,600,600,600,500,600,700,700,600,600,800,900,700,700,1300,1400,1500,1400,1700,1700,1700,1669,3575,4275,4283,2936,4166,3643,3977,2671,2751,3743,3700,4100,4690,5400,5400,5000,5200,5350,6000,6328,7000,7200,6700,6200,6315,2246.6666666666665,31.56862745098033,658.5629836173374
Guyana,1000,1000,1100,2900,2700,3600,3400,3100,3500,3000,5700,7400,7900,9200,10400,12000,12300,13900,16000,16600,17400,15500,17600,19000,23617,20123,20956,31907,35978,35288,31530,32798,32794,35380,37256,37606,37395,36785,36523,35339,36922,40806,41337,44263,46577,48130,48833,54268,53140,54450,49492,4138.8,59.39411764705892,895.3070371605337
Haiti,2000,2100,2200,2200,2500,2500,2500,2800,2800,2800,3000,3000,3000,3100,3300,3400,3400,3500,3500,3500,4000,4000,4000,4000,4000,4000,4000,4150,4300,4500,5000,5500,6000,6500,6901,6400,6000,5750,5500,5500,5167,5216,5016,5615,5215,5514,6014,6313,6610,7010,7422,887.5,11.580882352941217,323.69173800767976
Honduras,500,500,600,600,1200,1200,1200,1200,1700,1700,1700,2550,2550,2550,3400,4050,2600,4000,5700,5450,5000,5700,5750,4450,3863,5014,4643,5947,6804,8858,6636,6422,8130,11599,10052,11650,23173,28023,23424,20781,19541,31552,29670,33161,23327,32982,31555,33252,23548,31358,27968,15119.999999999998,220.8823529411784,2146.3715963084865
Hungary,4000,4000,5000,6000,8000,9500,10900,12300,13000,14400,14900,19300,21000,22000,22700,24800,26600,28200,29900,27800,26000,25800,28900,29100,30159,30788,31855,34661,32589,32838,33733,39319,42152,44037,39177,36927,36062,36759,38294,35517,33834,22879,22908,17378,18206,16674,15686,16740,17487,19461,19987,155.625,0.8180147058823479,157.9701562475592
Iceland,396400,450100,449200,470100,494700,532500,562900,531900,619800,672800,629985,734064,847335,797444,989173,1217833,1260336,915201,617356,707209,748800,699881,741506,922000,954849,1001793,1015145,1393447,1579042,1661125,1524817,1449906,801799,855132,1551774,1695553,1668788,1644922,1772660,1518543,1524183,1058740,1585735,1729801,1574166,1627874,2078266,2229112,1703589,1758305,2003669,327.3153380423814,3.3428726182703485,246.3168883459523
India,739817,754904,780028,819595,828500,840025,1013944,1233100,1064600,823200,1161400,961000,973900,1045800,1321600,1331300,1367200,1400400,1525600,1605000,1758500,1853000,1639100,1960700,2256991,2267192,2177096,2314703,2309709,2343292,2445337,2448342,2369320,2508598,2874519,2839307,3007470,2994385,3200962,3718189,3879722,4132494,4324546,4566914,4867135,5016547,5301693,5485270,5381977,5686963,5668958,986.4051515442331,13.035369875650531,364.6484012255025
Indonesia,245000,509000,574500,618900,633500,671800,715900,728400,689000,757100,761700,914800,947200,939200,1004000,1074800,1241600,1198400,1180000,1234800,1257200,1273302,1296804,1294441,1361942,1376566,1486511,1587817,1668158,1770087,1877956,1946989,2026589,2248468,2313091,2452695,2607764,2742804,2947009,3087137,3243345,3413930,3627251,3919996,4144434,4388520,4648537,4695769,4760318,4893860,5152193,8292.365714285714,120.47596638655705,1489.530692815106
Iran (Islamic Rep. of),20017,20017,25017,25017,25017,25017,25015,23015,23015,20015,20015,20015,20015,18015,18013,20014,21114,22515,24019,24016,26066,24369,19643,20260,69949,68317,72713,73545,72105,72453,52922,55805,106174,112033,117923,120626,154311,215620,235192,260383,269076,275730,327513,343887,333999,368297,381702,400267,400534,411997,424541,6337.563071389319,91.72886869690228,1140.4493780444996
Iraq,8700,7000,7000,5500,5400,5400,8500,8000,8500,8500,9000,9000,9000,11300,19200,16800,14100,10200,19100,22002,32100,27200,32000,27700,24246,21832,28283,26101,26100,55228,53245,26219,24000,22500,21000,21441,20564,21250,26461,24555,24229,15235,22823,23941,29247,30808,33237,34702,30074,24606,22512,720.3793103448276,9.123225152129748,513.2583681032053
Ireland,17200,17000,18900,19000,21500,23600,30500,36600,36500,38600,42800,32100,29000,27600,31900,35700,39700,50200,53100,66500,78901,74106,92112,90814,89591,88423,95038,93876,104306,93244,150030,191240,212936,204166,240149,260791,261619,282460,292151,240639,275047,293259,307033,338662,355986,450925,400368,364899,402990,363241,363639,1674.8837209302326,23.160054719561913,509.62554166559966
Isle of Man,3500,3700,3100,3200,3400,6100,7000,5100,4800,5800,4900,4900,4500,4000,3600,5100,4600,6000,7200,9800,14700,16900,18000,15500,14791,14505,11242,11844,10504,12407,10106,8642,6298,8322,7668,6974,5778,5561,5624,5696,4085,4562,4481,4850,3571,3734,3537,4289,2214,2609,3552,126.6,0.391176470588249,183.66867777031894
Israel,5815,7174,8041,8305,9859,11416,11058,12390,13422,14121,14671,15954,17385,18282,19512,20573,25426,24537,28927,23280,28216,32339,34831,32578,28394,30192,31155,31865,32807,30259,27982,27677,26307,23206,24444,27103,25146,28558,28248,26468,23567,20675,17671,18729,19045,21121,22782,23468,24856,24661,25916,327.66981943250215,3.348085579889755,201.1296115303659
Italy,187700,187113,216816,210169,219467,220214,221644,212576,213179,216557,216754,245206,223613,234953,327089,356354,372164,375547,366613,372627,417749,426440,439063,424389,468486,450191,471500,423787,451185,482531,504865,513728,536793,543908,580924,586578,564349,554293,570626,548772,530672,586512,566835,563858,575755,612604,557125,541362,517105,495185,520676,110.29142248268514,0.1513444482747559,134.87207612049735
Jamaica,5000,5000,5500,5500,5900,6000,6500,7100,7800,8300,8500,11500,11900,10000,10000,9000,9000,9000,8500,8500,8500,9300,9500,9600,10100,10100,10130,10109,9797,9851,9250,8050,8200,8961,9965,10731,11275,11170,14652,16160,17054,18390,22340,26340,28717,28300,27755,23485,20956,21414,10052,314.98,3.161470588235261,232.79651090114285
Japan,3066842,3655138,4651509,4515060,4530322,4903513,4796747,5433971,5519131,5921648,6233547,6752627,6909629,6744572,6400607,6952402,7177695,7979807,8713293,8649447,9344607,9949029,10320775,10769824,10846007,10553605,10698190,10782475,10852291,10612564,11147813,11407450,11472042,11982717,12797742,12134952,12771292,12532730,12777695,11976676,11141388,10037128,9358934,8790756,8187937,7536503,7446798,7422042,6720554,6634931,6483276,138.245758992475,0.562437632242279,123.30716728923979
Jordan,100,100,100,200,200,100,0,100,100,100,100,100,200,200,200,200,200,100,100,100,100,200,100,100,92,65,49,31,31,36,56,35,34,32,132,197,267,322,372,407,412,390,402,455,496,595,621,650,763,1025,1119,1773.0,24.602941176470722,418.8162395159268
Kazakhstan,0,0,0,0,0,0,0,0,0,0,0,0,0,0,0,0,0,0,0,0,0,0,0,0,0,0,0,0,0,0,0,0,0,0,0,0,0,0,85006,89508,86978,82690,68503,59628,47594,50350,45955,33747,26106,37363,37433,39.52662165023646,0.5812738477975969,419.97575750034036
Kenya,18180,18200,18200,18950,17870,30400,32920,25850,22370,22950,12980,13910,18760,20480,21130,23799,28270,27660,28517,32293,33940,28520,30170,29180,28741,27523,41324,43169,46605,51895,48035,58060,81913,98558,91334,106464,120468,131902,138952,147165,202778,199657,164103,184054,204747,194406,181876,161639,173137,205965,216057,761.958195819582,9.734679350287934,365.27771480348156
Kiribati,1000,1000,1000,2000,2000,3000,3000,4000,4000,4000,5000,5000,6000,6000,6000,6000,7500,7500,7500,7500,8800,8900,9100,9200,9475,9650,9824,10053,10606,10838,12929,13502,13009,22485,19393,22859,30801,38226,25445,32211,31968,37379,33536,30568,32769,37386,43176,39522,43226,66050,46634,20054.7,293.4514705882357,2087.4504789959406
"Korea, Dem. People's Rep",100621,100756,120920,123119,236362,313658,302018,293956,302989,303637,304426,347387,354556,374129,372410,399143,429841,461690,489218,501844,456743,516133,573263,597457,693138,737608,822889,838564,1204006,1211961,1200299,1450354,1527917,1288383,1446800,1484900,1628100,2034000,1822000,1967000,1378000,1327000,1463000,1527398,1189000,1065400,1035600,725783,709500,701500,680550,832.5896184693056,10.773376742195524,354.49900400206485
"Korea, Republic of",225300,282900,274700,258000,249500,262200,346000,410099,403299,392099,357201,424517,469200,532001,599811,639833,703234,759881,840723,879124,876609,1067559,1342357,1686127,2024288,2133667,2405159,2422883,2352830,2420659,2408361,2810258,2641382,2791459,2908151,3093816,3660725,3333418,3216014,3327347,3285474,2983447,3304093,3335883,3478501,3359594,3334151,3268001,2837464,2909329,2506078,1608.3608521970707,22.18177723819258,457.466399306297
Kuwait,1000,1000,1000,1000,2000,2000,2000,3000,3000,3000,3500,3500,3500,3500,4000,4000,4000,4500,4500,4500,4700,5700,5000,6100,5502,5934,4648,5913,6489,3065,3689,3714,6628,8722,9639,10118,7633,7704,10796,7653,4454,2034,7871,8466,7752,8706,8345,8031,8018,7662,7354,305.79999999999995,3.026470588235327,366.6619515937218
Kyrgyzstan,0,0,0,0,0,0,0,0,0,0,0,0,0,0,0,0,0,0,0,0,0,0,0,0,0,0,0,0,0,0,0,0,0,0,0,0,0,0,1320,1447,1309,1199,843,350,294,392,330,253,247,119,110,56.13636363636364,0.8255347593582911,419.97575750034036
Lao People's Dem. Rep.,8000,8000,8000,8000,10000,10000,10000,10000,12000,12000,12000,12000,15000,15000,15000,15000,18000,18000,18000,18000,20000,20000,20000,20000,20000,22000,22000,22000,22000,24000,24000,24000,24000,26000,26000,26000,26000,28000,28000,28000,28000,29000,30000,30500,35000,40250,39000,40000,40858,60403,71316,2238.75,31.452205882353155,583.28845733696
Latvia,0,0,0,0,0,0,0,0,0,0,0,0,0,0,0,0,0,0,0,0,0,0,0,0,0,0,0,0,0,0,0,0,0,0,0,0,0,0,544138,541723,459833,412642,157388,142313,138665,149719,143024,106027,102756,125857,136728,24.895706603839468,0.36611333240940525,419.97575750034036
Lebanon,1600,1500,1500,1400,1400,1500,1600,1700,1800,1900,2100,1900,2000,2200,2000,2300,2500,1800,2500,3000,2300,2000,1800,2400,3100,2405,1710,1620,1740,1675,1740,1570,1520,1500,1500,1700,1875,1913,1813,1813,1510,1812,1861,2212,2437,4385,4485,3955,3920,3860,4066,239.125,2.0459558823528994,190.09890342436518
Lesotho,0,0,0,0,0,0,0,0,0,0,0,0,0,0,0,0,0,0,0,0,0,0,0,0,10,23,27,22,24,27,23,15,19,20,13,23,25,26,30,30,30,25,33,40,40,40,42,44,38,34,40,25520.0,375.29411764705947,419.97575750034036
Liberia,2000,2000,2500,2500,2700,3000,3000,3200,3300,3700,4200,3700,4000,4000,4000,4500,5000,6000,6000,7000,8000,8200,8900,9300,10064,10046,10132,10190,10812,13484,11791,13004,13588,15286,14657,11486,16059,18734,16076,14805,6463,9620,8891,7782,7721,8829,8308,8491,10717,14702,11540,717.75,9.084558823529392,387.8256299129768
Libyan Arab Jamahiriya,2313,2213,2513,2613,2313,2113,2513,3213,2413,2413,2013,1700,1500,1400,1600,2924,3324,4236,5560,6500,5500,5600,2549,2975,4769,4949,4059,2046,4355,4500,12752,13130,14706,10122,11974,15895,17947,18622,21690,22058,24804,26106,28908,31103,33518,34448,36024,36925,37959,43643,50009,1395.417207090359,19.050253045446425,716.5984101917911
Liechtenstein,0,0,0,0,0,0,0,0,0,0,0,0,0,0,0,0,0,0,0,0,0,0,0,0,0,0,0,0,0,0,0,0,0,0,0,0,0,0,0,0,0,0,0,0,0,0,0,0,0,0,0,728.6688741721855,0.0,50.0
Lithuania,0,0,0,0,0,0,0,0,0,0,0,0,0,0,0,0,0,0,0,0,0,0,0,0,0,0,0,0,0,0,0,0,0,0,0,0,0,0,415287,416392,339080,472814,192366,120078,51036,59082,90051,45518,68094,74612,80984,17.911227657017918,0.2634004067208515,419.97575750034036
Luxembourg,0,0,0,0,0,0,0,0,0,0,0,0,0,0,0,0,0,0,0,0,0,0,0,0,0,0,0,0,0,0,0,0,0,0,0,0,0,0,0,0,0,0,0,0,0,0,0,0,0,0,0,728.6688741721855,0.0,50.0
MAF,0,0,0,0,0,0,0,0,0,0,0,0,0,0,0,0,0,0,0,0,0,0,0,0,0,0,0,0,0,0,0,0,0,0,0,0,0,0,0,0,0,0,0,0,0,0,0,0,0,0,0,100.0,1.470588235294116,419.97575750034036
"Macedonia, Fmr Yug Rp of",0,0,0,0,0,0,0,0,0,0,0,0,0,0,0,0,0,0,0,0,0,0,0,0,0,0,0,0,0,0,0,0,0,0,0,0,0,0,0,0,0,0,1094,916,940,1037,604,668,783,1305,1425,12.79707495429616,0.18819227873964905,419.97575750034036
Madagascar,17900,18000,18000,21100,21600,23600,23600,26000,26500,28000,29500,30500,32000,37400,46000,45300,56000,59100,64700,50063,53901,56745,57733,65916,71399,61983,60943,62471,61089,60525,57461,58061,59605,63644,67618,69309,84428,92594,101340,98039,103880,99381,107471,117049,120615,121339,120506,125929,119708,124249,128947,753.9385474860335,9.616743345382815,309.38191462609325
Malawi,10000,10000,10000,15000,15000,15000,15000,20300,24800,19400,13600,14300,19500,21700,21200,33900,32500,29300,32900,38200,47000,60000,70000,69300,70277,70992,74900,68200,67800,60002,65764,51401,58429,67006,65068,62072,72858,88596,78817,70771,74100,63729,69484,68206,58804,53890,63809,56571,41340,45982,50530,2308.63,32.47985294117689,651.2699042156527
Malaysia,146079,138174,138565,123554,113939,113520,115297,118472,129101,134967,155641,168011,189845,220141,213602,230008,273509,344311,383208,349602,341748,368506,359450,444767,525366,474267,516339,622301,688729,699496,740265,808984,732408,795251,802767,797144,822679,906335,871525,939185,1004880,977595,1104429,1154014,1181116,1249207,1243317,1284326,1290583,1422903,1461295,1066.4079025732651,14.211880920194972,370.35536680505777
Maldives,12000,12000,12000,14000,14000,14000,14000,15000,15000,15000,13000,12000,12000,12000,12000,19600,22400,25100,23700,32300,37273,35176,32268,35706,37258,28325,34634,29636,31769,31175,38624,40916,37838,44110,56081,62076,59964,58502,72589,72065,80225,81523,82392,90156,104242,104754,105848,108312,118285,124217,119373,1258.4416666666666,17.035906862744923,424.39975948894323
Mali,60000,60000,60000,60000,70000,70000,70000,70000,80000,80000,80000,80000,90000,90000,90000,90000,110000,100000,106000,108000,110000,90000,80000,85000,75000,75000,75000,75000,75000,83586,88228,75564,73451,61289,54711,54184,61012,55713,55875,71838,70548,68780,68507,64352,62950,133000,111970,99610,98060,98616,109900,157.18666666666667,0.8409803921568653,151.4472457151202
Malta,1000,800,1100,1000,823,814,821,1019,1128,1124,1219,1325,1322,1634,1420,1228,1312,1414,1228,1135,1212,1247,1247,1644,1546,1529,1571,1483,1079,1322,1078,942,1216,999,1226,2585,1168,1052,896,941,799,973,1079,1495,3269,5540,10751,2840,3130,3249,2820,1079.0,14.397058823529505,799.047343984947
Marshall Islands,0,0,0,0,0,0,0,0,0,0,0,0,0,0,0,0,100,100,100,100,100,100,100,100,100,100,100,100,100,100,150,150,160,160,200,200,220,320,400,395,380,300,329,488,388,375,2772,400,500,700,8261,77700.0,1142.6470588235243,419.97575750034036
Martinique,2100,2100,2100,2500,2600,3400,3800,3700,3600,3900,3300,3100,2900,2500,3300,3400,4000,4800,4600,4000,4000,3700,3200,3100,4056,3665,4233,2432,4375,4664,4891,4700,5506,5120,5204,4639,4088,3184,3247,3314,3585,6391,4641,5967,5917,5377,4558,5566,5555,6060,6361,39.61904761904762,-0.8879551820728295,95.66746659783813
Mauritania,8000,8000,10000,10000,11000,11000,11000,13000,18000,18000,20000,22000,23000,23000,23000,25000,27000,30700,37000,43000,49570,58925,36291,33190,43697,33921,33834,37897,41467,24541,21598,58779,56288,81600,57676,66277,76614,88397,77666,76000,66000,67637,66054,59452,53746,56147,63324,74127,98043,104527,114456,212.3375,1.6520220588234906,825.2774582613611
Mauritius,2000,2000,2000,2000,2000,2000,2200,2200,2200,2500,2500,2500,2800,2800,2800,3000,3000,3000,3300,4000,5400,5200,6600,6400,7679,7038,6660,7668,7113,6540,6364,7157,9810,9458,10388,12229,12899,17351,17190,16980,14176,18662,18961,20689,18287,16571,12034,14143,12176,12290,9702,1516.35,20.828676470588334,496.2856428342081
Mayotte,0,0,0,0,0,0,0,0,0,100,100,100,100,100,100,200,200,200,200,200,300,300,300,300,300,400,500,500,600,600,742,516,420,480,550,780,800,1200,1000,1100,1600,1400,1100,500,600,1033,1554,2869,3020,3473,3051,1137.0,16.720588235294144,419.97575750034036
Mexico,97300,98000,71100,82300,101100,116200,144700,133000,173100,189900,196513,224915,220300,245600,250100,259700,291600,356700,366800,354400,385068,423585,458856,479714,443705,500013,541156,581249,831426,1025373,1285113,1640147,1435149,1076674,1138001,1256311,1357452,1465552,1394958,1520507,1447142,1453286,1246525,1192964,1262041,1405246,1530878,1571051,1233387,1286405,1403217,1750.3566289825285,24.269950426213654,500.10066201057685
"Micronesia, Fed.States of",0,0,0,0,100,100,100,300,300,400,400,500,500,600,600,700,800,1000,1000,1000,1500,1500,1500,1500,1500,1500,1500,1503,1505,1505,1720,1720,1777,1777,1777,3649,3865,3767,2974,2267,2367,12552,16740,18168,22310,8082,8808,9781,15807,12589,23460,129916.0,1910.5294117647281,419.97575750034036
"Moldova, Republic of",0,0,0,0,0,0,0,0,0,0,0,0,0,0,0,0,0,0,0,0,0,0,0,0,0,0,0,0,0,0,0,0,0,0,0,0,0,0,8606,8621,9472,5319,3059,2365,1330,1529,1093,1228,1148,824,1735,145.4798977457588,2.139410260967054,419.97575750034036
Monaco,0,0,0,0,0,0,0,0,0,0,0,0,0,0,0,0,0,0,0,0,0,0,0,1,1,1,1,1,1,1,1,2,2,2,2,2,2,2,2,2,2,2,3,3,3,3,3,3,3,3,3,100.0,1.470588235294116,419.97575750034036
Mongolia,0,0,0,0,0,0,0,0,0,0,0,250,250,280,280,290,290,290,300,300,300,300,300,300,300,300,300,265,494,537,346,262,184,347,370,374,412,383,281,254,124,100,120,165,184,158,221,180,311,524,425,10.0,0.14705882352940947,419.97575750034036
Montenegro,0,0,0,0,0,0,0,0,0,0,0,0,0,0,0,0,0,0,0,0,0,0,0,0,0,0,0,0,0,0,0,0,0,0,0,0,0,0,0,0,0,0,0,0,0,0,0,0,0,0,0,127.209797657082,1.870732318486489,419.97575750034036
Montserrat,50,50,50,50,50,50,50,50,50,50,100,100,100,100,100,100,100,100,100,100,100,100,100,100,77,89,95,98,100,102,109,104,111,120,125,132,140,145,69,69,75,126,23,58,62,49,44,46,38,34,33,60.0,-0.5882352941176379,154.27547953318506
Morocco,142400,110300,143000,151300,117000,108800,122700,161100,177700,160400,167700,176681,171949,180535,208582,225486,318584,273366,231491,233719,258205,234819,275077,399728,288734,230525,288995,265437,298156,290446,335423,395731,369537,459373,472825,478311,600561,499322,556441,527097,575354,604051,559461,632812,761147,858881,649711,793717,716197,748998,916710,974.256320224719,12.856710591539922,398.3339880871876
Mozambique,8300,8700,8500,8300,8200,10300,10300,12500,13100,13700,13400,12800,12800,13500,13900,16200,17300,17000,17700,19000,20100,22900,22900,26300,28660,25490,27900,26950,25940,28630,33850,40630,38180,40940,34947,36326,42683,39805,35453,30187,31197,29351,24402,23325,23778,27411,38230,41709,35453,38026,41530,3956.6626506024095,56.71562721474129,800.4013750958259
Myanmar,43200,45801,100002,100002,200005,200010,360020,360030,360040,360060,360080,360110,360140,360180,360230,360290,360350,381130,396620,414520,432400,442700,453300,463400,433840,485140,501560,518700,539690,564070,580010,594540,584410,587550,613691,648804,686523,685864,704547,733763,743818,735494,757498,791378,810825,823410,673788,863540,912618,1011124,1192112,4773.217592592592,68.7237881263618,915.8815421394904
Namibia,0,0,0,0,0,0,0,0,0,0,0,0,0,0,0,0,5000,5000,5000,5000,6500,6500,6500,6500,6550,7050,7850,8750,9050,9750,10250,10850,11650,12100,12900,13700,14923,32437,33395,21225,268292,209025,656404,790615,649440,570699,518831,514129,608790,580810,590744,9805.68,144.20117647059124,419.97575750034036
Nauru,0,0,0,0,0,0,0,0,0,0,0,0,0,100,100,100,100,100,100,100,100,100,100,100,100,120,120,120,130,130,140,140,140,140,150,150,150,170,170,180,180,190,377,500,500,480,460,440,420,400,380,530.0,7.794117647058783,419.97575750034036
Nepal,500,500,500,500,1000,1000,1000,1000,1300,1300,1300,1500,1500,1500,1600,1600,1603,1809,1818,1926,1900,2100,2200,2200,2200,2500,2800,3000,3300,3500,3654,3868,4400,4700,4860,9076,9443,10716,12100,12522,14546,15595,16540,16950,17003,21148,21879,23207,24866,25780,31723,16213.999999999998,236.9705882352937,1580.56205128289
Netherlands,233100,263800,279000,311300,301600,276400,263600,276000,318400,295400,303400,346100,321200,361000,388100,377200,353000,314500,323300,323200,300800,321200,348300,343736,325861,350558,284999,313094,324486,323773,340512,479772,544867,561989,496061,554911,502877,511773,476409,530228,507239,458814,487076,532882,529431,522031,510669,550010,656719,623371,571005,199.05577005577007,1.4567025008201426,159.6558451283871
Netherlands Antilles,400,400,500,500,600,800,600,500,500,500,600,600,600,700,700,700,700,600,600,600,657,757,857,857,857,887,937,987,1010,1010,1090,990,1030,1030,1030,1030,1060,1240,1342,1342,1342,1242,1215,1265,1165,1084,13826,19597,19819,19496,19946,0.0,0.0,3704.1682069527087
New Caledonia,400,400,400,500,500,700,500,400,600,600,400,400,800,1200,1000,1000,900,500,500,500,500,500,500,800,868,973,883,3042,2963,2629,3349,2448,3384,2974,3721,3445,4518,5331,4180,3619,5558,5063,4284,3621,4239,3833,4059,3590,4701,5002,5151,1167.0,15.691176470588061,615.7451100002754
New Zealand,34000,34600,35500,36800,37100,39500,38700,39300,39600,41800,52289,51134,49815,50046,44557,49007,56418,60971,59651,50543,60203,66800,59068,66884,70040,65076,71637,79229,99727,120169,157585,170302,175682,205347,218943,214819,225147,260335,304555,343092,380303,435024,521751,485518,503846,627114,500241,725767,741832,691838,639099,1506.5735294117649,20.684904844290486,452.14429665156194
Nicaragua,1000,1000,1000,2000,2000,2000,3000,3000,3000,3000,4000,4000,4000,5000,5000,5600,7000,8000,8700,9500,9800,9400,11200,13900,8689,10778,10513,13914,15900,9121,6996,5944,5000,4565,4356,4191,2501,5031,4728,4656,3162,5783,6743,8212,11721,11989,16224,17423,19974,24042,27954,5456.4,78.77058823529387,1363.7230368398855
Niger,2000,2000,2000,2500,2500,2500,3000,3000,3000,3000,3400,4200,6000,9000,6300,5000,5000,3700,4300,3000,2400,5400,16400,16200,15050,9142,4715,7372,8783,8934,8892,8208,6840,3251,3000,2000,2345,2283,2499,4741,3354,3145,2464,2172,2533,3651,4167,6341,7025,11014,16265,1569.6,21.61176470588225,1058.074364527195
Nigeria,40000,40000,40000,42000,45000,45000,45000,50000,50000,50000,58510,55010,65230,66250,85470,97280,110100,119420,120130,115850,155899,245296,246394,250593,257336,256500,260585,262178,264068,268753,261293,260132,269715,272312,263933,245353,271573,260808,279514,300449,316328,267705,318415,255499,281232,366101,357484,412220,483482,477365,467095,2923.695,41.524926470588525,631.5979543501093
Niue,0,0,0,0,0,0,0,0,0,0,0,0,0,0,0,0,0,0,0,0,0,0,0,0,20,20,30,40,60,30,45,45,54,60,72,90,105,115,115,115,115,120,120,120,150,150,200,200,200,200,200,190.0,2.7941176470588402,419.97575750034036
Norfolk Island,0,0,0,0,0,0,0,0,0,0,0,0,0,0,0,0,0,0,0,0,0,0,0,0,0,0,0,0,0,0,0,0,0,0,0,0,0,0,0,0,0,0,0,0,0,0,0,0,0,0,0,728.6688741721855,0.0,50.0
Northern Mariana Is.,0,0,0,0,0,0,0,100,100,100,100,150,150,150,150,200,200,200,200,200,150,150,150,150,150,150,150,150,150,145,143,143,98,245,345,241,311,218,227,258,175,133,153,147,178,193,249,264,255,192,336,1196.0,17.58823529411734,419.97575750034036
Norway,1283854,1678583,1680376,1417841,1935141,1677508,2030462,1618011,1442605,1418126,1388142,1527010,1321310,1387812,1607991,2308843,2867099,3250881,2804413,2490990,2983097,3103016,3204960,3016131,2671073,2555454,3420397,3546340,2715019,2768418,2535773,2700340,2650209,2972432,2601762,2252236,2073607,2122605,2010322,2087169,1950525,2363389,2751218,2749236,2769670,2986759,3143134,3422357,3451742,3282008,3383120,207.06528935533169,1.5744895493430704,189.70873985473662
Oman,30000,30000,35000,40000,40000,50000,50000,50000,50000,55000,55000,55000,60000,60000,60000,65000,70000,70000,70000,70000,92000,114000,136000,158000,180000,198850,197984,175000,152000,129000,106000,83650,89376,108766,105200,101180,96353,136140,165676,119224,119783,116454,109218,105772,118572,139861,121618,118995,106184,108809,120421,1845.9833333333331,25.676225490195975,529.2099290737402
Pakistan,29845,29845,37945,73867,75268,80272,82667,78473,73687,73840,83817,80996,81727,93593,110668,122758,164642,166565,171167,186016,193624,191611,231862,249884,197861,203889,210679,273425,283329,291279,261842,290988,300111,340861,372014,408303,417966,416269,434924,437064,463828,504433,533245,601034,533857,523739,532339,590107,597457,663531,611228,2224.469760428882,31.242202359248495,566.1128728078312
Palau,300,300,300,300,400,400,400,400,500,500,500,500,600,600,1866,3370,3386,4106,5756,5462,8882,2943,2319,3150,7608,7069,6136,4883,10602,6699,7516,10276,5053,1041,1037,1204,1132,1187,1268,1350,1077,1094,1501,1212,1088,1028,1001,913,952,961,1273,258.66666666666663,2.3333333333333144,470.71154213342555
"Palestine, Occupied Tr.",0,0,0,0,0,0,0,0,0,0,0,0,0,0,0,0,0,0,0,0,0,0,0,0,0,0,0,0,0,0,0,0,0,0,0,0,0,0,0,0,0,0,0,0,0,1229,2493,3791,3625,3650,2623,321.3995117982099,4.726463408797258,419.97575750034036
Panama,1100,1000,1100,1100,2100,2900,4600,6600,6900,14900,11000,11500,15300,14100,25900,39700,73100,72300,71900,36800,58890,78750,70156,114959,88762,116934,185339,239751,140097,166331,216811,144798,120016,167593,135014,293351,148191,166386,122861,185778,133738,168163,176720,190190,191900,209383,155686,170050,210689,124372,229375,10337.09090909091,150.54545454545405,2661.8544209080983
Papua New Guinea,6000,6000,6000,8800,9000,9000,11000,10800,10500,12300,12200,12200,13100,15200,15200,15800,15300,15400,15800,16500,15628,30668,27271,45600,50027,34774,50671,27555,52224,34488,44620,46509,17589,15387,17663,25921,25815,26072,26526,26098,26562,26101,26541,25756,26237,39114,37853,46275,78385,55781,110072,4272.066666666667,61.3539215686269,1274.767752263871
Paraguay,400,400,400,400,400,500,500,500,500,600,600,600,600,700,700,700,700,800,1000,1400,1800,2200,2500,2700,2700,2800,2900,3000,3100,3200,3300,3350,3400,3500,5000,7500,13000,10022,10054,11051,12551,13050,18000,19075,20100,21190,22350,28350,28095,28095,28103,5234.0,75.5,904.4128420747851
Peru,73700,97300,106800,117900,146300,184500,268500,454500,901500,2123700,3502700,5216500,6884300,6822000,9037700,7385400,8712500,10057700,10444405,9147515,12484240,10507154,4678399,2295861,4126080,3415487,4343785,2503892,3443705,3653017,2709923,2718481,3515081,1570508,3320188,4138458,5616763,4587842,6642111,6854349,6874400,6905099,7508289,9009882,12005290,8943526,9523079,7877802,4353248,8437389,10665173,9743.43012211669,141.8151488546573,3364.0268983410765
Philippines,238876,313075,332316,327401,380537,402424,434177,426788,467660,479014,499237,500047,530661,592516,647476,716738,762077,805663,987154,965920,1104916,1125592,1230528,1316774,1403090,1473553,1381112,1509246,1592216,1609762,1717614,1779854,1905636,2138213,2083154,2066859,2099511,2229763,2281696,2395362,2526370,2623659,2661584,2658650,2746111,2833066,2829456,2820537,2867791,2943871,3021394,872.0892848172273,11.354254188488426,332.9346056352713
Pitcairn Islands,0,0,0,0,0,0,0,0,0,0,0,0,0,0,0,0,0,0,0,0,0,0,0,0,2,2,2,2,2,2,3,3,3,3,3,3,3,3,4,4,4,5,8,8,8,8,8,8,8,5,5,150.0,2.2058823529411598,419.97575750034036
Poland,80500,87500,92000,96400,105700,126900,139300,138800,145100,162200,184011,185522,180516,226737,264941,297457,334722,338142,406746,407847,469461,517614,544218,578938,679148,801041,751063,663589,581025,599281,640419,623088,609281,740833,720369,678297,645085,672120,653977,565391,474692,458127,511975,414015,462532,454483,370493,377593,271801,269435,253477,330.51552795031057,3.389934234563384,211.7665693498155
Portugal,317384,317199,343822,431250,448436,434577,482090,485430,481112,442256,489781,517403,533385,558368,601929,566143,522866,583161,527572,480362,477628,453740,458419,492306,442645,387966,352766,313971,259874,251249,276121,269469,259938,255798,311486,327919,413184,397710,353693,340030,337660,337132,306884,301751,276668,272795,270798,234992,236328,218875,199657,56.17958057116931,-0.6444179327769177,76.48548005509826
Puerto Rico,2100,2500,2500,2400,2500,2600,2700,2700,2800,2900,3100,3100,3300,3300,2900,2800,2500,2500,2200,2200,2100,2200,2100,2000,2000,2275,2663,2881,3197,3597,2557,1784,2202,2655,2354,1496,1327,1288,1697,1977,2062,2357,2330,2322,2726,3817,3101,3685,3949,3937,5608,79.47619047619048,-0.3018207282913181,107.6162798056143
Qatar,400,400,400,500,500,500,500,600,600,600,800,800,1000,1000,1000,1300,1300,1500,1500,1500,1500,1500,2000,2200,2047,1989,2400,2433,2200,2200,2178,2604,2331,2114,3173,2484,1980,2678,3086,4374,5702,8136,7845,6994,5086,4271,4740,5034,5279,4397,7140,3669.75,52.496323529412166,839.4435703234344
Romania,20000,20600,27150,29300,27000,33000,34000,40200,36000,35200,38000,38800,33400,36100,34000,37581,36933,48566,40892,45997,62809,72252,84289,102068,129453,136624,127197,150701,137676,179087,173606,192013,235653,242644,232449,237637,271126,264371,267618,224810,127734,125003,95381,34919,42651,69105,32159,19614,18675,16841,17099,55.895,-0.6486029411764704,211.27322637684065
Russian Federation,0,0,0,0,0,0,0,0,0,0,0,0,0,0,0,0,0,0,0,0,0,0,0,0,0,0,0,0,0,0,0,0,0,0,0,0,0,0,8183884,8246556,7658693,6852132,5552573,4467715,3789591,4390952,4747731,4748500,4551494,4238575,4104502,65.01719721345025,0.9561352531389673,419.97575750034036
Rwanda,200,200,200,300,300,300,300,400,400,400,500,500,500,500,700,700,700,800,800,800,900,900,800,1000,1368,1198,1008,1325,733,974,1223,982,1240,1248,825,945,1546,1694,1328,1516,2514,3561,3697,3553,3460,3379,3052,4546,6769,6733,6996,14552.5,212.5367647058829,1816.716573991357
Réunion,1000,1000,1000,1300,1600,1500,1800,1700,1000,1600,1600,1600,1500,1700,1900,1700,2100,2300,2400,2200,1901,2100,2100,2000,2533,1905,1981,621,1807,1594,1374,1379,1475,1285,1449,1102,1758,1151,1253,1009,943,920,1126,1810,2661,2650,3772,4663,4876,4201,4244,230.8,1.9235294117647186,292.66117490016956
SMR,0,0,0,0,0,0,0,0,0,0,0,0,0,0,0,0,0,0,0,0,0,0,0,0,0,0,0,0,0,0,0,0,0,0,0,0,0,0,0,0,0,0,0,0,0,0,0,0,0,0,0,728.6688741721855,0.0,50.0
SSD,0,0,0,0,0,0,0,0,0,0,0,0,0,0,0,0,0,0,0,0,0,0,0,0,0,0,0,0,0,0,0,0,0,0,0,0,0,0,0,0,0,0,0,0,0,0,0,0,0,0,0,86.49378714208535,1.2719674579718685,419.97575750034036
SXM,0,0,0,0,0,0,0,0,0,0,0,0,0,0,0,0,0,0,0,0,0,0,0,0,0,0,0,0,0,0,0,0,0,0,0,0,0,0,0,0,0,0,0,0,0,0,0,0,0,0,0,100.0,1.470588235294116,419.97575750034036
Saint Helena,400,400,400,500,500,500,500,600,600,600,600,600,600,600,600,700,700,700,700,700,800,756,1057,762,754,912,1000,719,700,632,637,687,928,619,652,572,632,741,786,1013,802,627,651,726,702,914,819,898,1060,633,719,197.25,1.4301470588235077,202.48449812169906
Saint Kitts and Nevis,300,300,300,400,400,500,400,500,500,600,600,600,600,700,700,700,800,800,800,800,1000,1000,1000,1000,1000,1218,1684,1695,1790,1777,1935,1900,1930,1177,1115,995,901,924,800,713,623,453,300,250,357,339,687,418,967,934,971,349.3333333333333,3.6666666666666856,3108.671247087457
Saint Lucia,300,300,300,400,400,400,500,500,500,500,600,600,600,600,800,800,900,1000,1100,1100,1419,1519,1519,1627,1700,2000,2200,2500,2600,1024,969,891,921,910,946,1152,940,751,826,847,988,1056,1128,1404,1356,1354,1414,1419,1711,2037,2028,682.6666666666667,8.568627450980443,334.54206988721626
Saint Vincent/Grenadines,300,300,300,400,400,500,600,600,600,600,400,400,400,500,500,500,500,500,400,500,600,300,300,200,283,549,379,581,698,547,500,500,500,480,480,483,599,703,4647,5820,9022,8167,2171,2240,3922,1033,989,6145,34108,17804,22799,788.6666666666666,10.127450980392155,11268.114262013552
Samoa,300,300,300,400,400,400,400,500,500,500,500,600,600,600,600,600,700,700,700,700,900,900,900,900,900,1000,1100,1250,1090,1890,1990,3095,4020,3820,3720,3641,3186,3076,2500,2530,1505,1595,2436,1986,2591,4094,4410,7868,9364,8562,8595,3255.3333333333335,46.401960784313815,816.283560864908
Sao Tome and Principe,600,500,500,300,300,500,400,400,600,500,500,700,600,500,800,900,800,900,800,800,800,900,800,800,600,600,646,889,1175,1618,1847,2158,2688,4012,4444,3988,2833,2798,3391,3575,3867,2576,2406,2845,4106,4300,4620,3546,3600,3650,3700,1621.6666666666663,22.37745098039204,588.641121935029
Saudi Arabia,3000,3000,5000,4000,5000,5000,5500,8000,8000,10000,10000,16200,18300,19600,17700,18600,20200,22100,21100,22000,21700,22300,23800,26400,23600,23000,23300,22800,24950,24460,24775,28570,31820,35300,38490,43696,45526,47888,46063,48390,42618,42442,48290,50525,56847,48388,51544,54085,56392,52320,55084,4692.533333333334,67.5372549019612,834.2829639573603
Senegal,25000,25000,34000,34000,39000,42000,44000,54900,57400,66600,76200,82600,85900,87500,97600,106600,111700,118076,114976,118981,121065,134582,153039,193041,218108,226578,217663,216696,221219,225238,232530,227216,231971,262960,250359,244982,257938,251955,265009,290350,315161,328743,373391,386158,359929,366372,439287,483542,429554,441081,436109,1943.432,27.109294117647096,498.1658035708476
Serbia,0,0,0,0,0,0,0,0,0,0,0,0,0,0,0,0,0,0,0,0,0,0,0,0,0,0,0,0,0,0,0,0,0,0,0,0,0,0,0,0,0,0,0,0,0,0,0,0,0,0,0,79.1033434650456,1.1632844627212648,419.97575750034036
Serbia and Montenegro,0,0,0,0,0,0,0,0,0,0,0,0,0,0,0,0,0,0,0,0,0,0,0,0,0,0,0,0,0,0,0,0,0,0,0,0,0,0,0,0,0,0,5339,4079,4172,3842,4475,4926,9579,5627,4983,0.0,0.0,399.41750363668734
Seychelles,1000,1000,1000,1500,1500,1500,1500,1800,1800,1800,1800,2000,2000,2000,2000,2000,2500,2500,2500,2500,3000,3000,3000,3000,3500,3950,4010,4600,5400,4957,4676,5221,4045,3938,3734,4118,4542,3900,4343,4419,5452,8162,6713,5278,4633,4203,4985,14627,24535,34450,33203,14561.4,212.6676470588245,1875.013373809547
Sierra Leone,5000,5000,5000,10000,10000,10000,15000,17000,17700,20000,20000,22800,26000,28100,29900,32600,32200,33600,23500,25500,31050,31150,51052,66976,68503,68597,55546,55547,52457,57593,48990,49862,51938,50090,51674,52430,52227,52124,52193,52127,56556,65761,68530,66303,62464,64895,67334,72658,63095,59437,74760,4043.7,57.995588235294235,823.6880051086856
Singapore,4000,4000,5000,5000,5000,6200,9600,13800,12300,11500,9200,9700,11500,12500,10400,11000,18500,18200,17300,17000,18310,15230,15735,18640,19276,17598,16504,15157,16206,16971,16082,16301,20202,20764,26261,23906,21487,16908,15250,12633,13348,13099,11551,11654,13661,13727,13510,13338,11439,10518,10483,33.425,-0.9790441176470566,73.54950568249332
Slovakia,0,0,0,0,0,0,0,0,0,0,0,0,0,0,0,0,0,0,0,0,0,0,0,0,0,0,0,0,0,0,0,0,0,0,0,0,0,0,0,0,0,0,0,2773,3488,3567,2368,2618,2009,2268,2255,69.92426974395961,1.028298084469995,419.97575750034036
Slovenia,0,0,0,0,0,0,0,0,0,0,0,0,0,0,0,0,0,0,0,0,0,0,0,0,0,0,0,0,0,0,0,0,0,0,0,0,0,0,0,0,0,0,4773,3002,3133,2956,3236,3284,3137,3233,3037,7.291011942174733,0.10722076385551027,419.97575750034036
Solomon Islands,1000,1000,2000,2000,3000,3000,3000,3000,4000,4000,4000,4000,5000,5000,5300,5300,7300,7400,7400,7400,8500,13511,17005,15924,19676,16940,26284,22863,29192,35431,34866,34728,32518,45995,48774,43363,56720,43117,51135,49763,41100,62906,47004,43531,47315,64114,52373,61163,60666,54368,19525,6715.6,97.28823529411693,1457.4617107635581
Somalia,6000,6000,7000,7400,5300,9500,10000,9000,8000,5000,4500,4500,4500,4500,4500,4600,4600,4700,5000,5000,5600,5700,5800,5900,5980,10350,8268,9830,8384,10984,14330,9823,9030,11495,19939,16767,18655,19996,20327,21546,22695,23800,25750,27750,29850,32400,30200,28000,25800,28650,24150,500.0,5.882352941176464,302.410478023282
South Africa,324700,478200,656800,654600,639600,618800,548800,598700,674700,753500,879000,1036600,1088300,1195114,1253206,1351309,1369292,1701900,2132600,1887100,1277950,1214550,1188004,1423825,1477296,1413953,1210309,1020512,1039483,1011209,866050,879406,838126,948732,758281,799023,843614,1447221,1324334,889864,549197,512178,705926,574396,532331,585979,453193,530260,579466,609605,667086,176.3233754234678,1.12240257975688,185.86612709817294
Spain,615603,592524,620585,643112,680123,799633,789649,811672,823678,870847,913401,978920,1050006,1057652,1133305,1255354,1269467,1360394,1524502,1481900,1582266,1521038,1569839,1598054,1603741,1604441,1605359,1531484,1548915,1360031,1375637,1396651,1465325,1408201,1441839,1489504,1502386,1539923,1598886,1530981,1334988,1303610,1260677,1226027,1286755,1419681,1421192,1459455,1570773,1509496,1372399,151.6938676387217,0.760203935863558,131.78670784736573
Sri Lanka,20676,24182,24831,25070,26473,27293,32722,29665,35770,41378,48103,59628,73471,71614,91125,74632,79973,82237,98302,95060,89241,74985,91877,96548,100489,109235,131663,136165,156107,164790,183447,201951,201239,205500,162502,177659,183998,187154,205574,220486,183923,211801,206370,232079,248481,237140,263095,273756,289087,313420,300472,2615.3027664925517,36.98974656606697,613.039410040874
St. Pierre and Miquelon,2500,2500,4000,5900,6800,8300,9300,10700,9300,10900,10782,13696,8208,8278,8954,10146,10559,8512,6479,7716,6807,5541,4677,5467,4515,6397,8327,7384,8905,10542,8617,11111,10474,9561,12026,12304,23771,23679,13970,18520,23181,23800,16443,282,294,317,747,3571,6108,5892,6690,131.4,0.4617647058823309,1098.6524718622302
Sudan,0,0,0,0,0,0,0,0,0,0,0,0,0,0,0,0,0,0,0,0,0,0,0,0,0,0,0,0,0,0,0,0,0,0,0,0,0,0,0,0,0,0,0,0,0,0,0,0,0,0,0,122.96665702997012,1.8083331916172085,419.97575750034036
Suriname,800,1000,1000,2380,2680,3410,4210,2720,3950,3950,4510,7300,5350,5550,5910,6610,6580,6510,7600,9900,11750,10400,12120,11610,10501,12262,5993,6897,4474,4535,4046,4620,3796,4520,5095,4909,4540,6626,4602,7786,7670,8186,11272,9580,14766,14301,16178,16618,21683,24447,24583,5886.25,85.09191176470631,1303.4177466353415
Svalbard and Jan Mayen,0,0,0,0,0,0,0,0,0,0,0,0,0,0,0,0,0,0,0,0,0,0,0,0,0,0,0,0,0,0,0,0,0,0,0,0,0,0,0,0,0,0,0,0,0,0,0,0,0,0,0,728.6688741721855,0.0,50.0
Swaziland,0,0,0,0,0,0,0,0,0,0,0,0,0,0,0,0,0,0,50,50,50,50,50,50,50,50,50,53,44,60,70,70,80,80,90,90,100,100,110,110,110,105,100,110,120,138,143,116,131,111,119,330.0,4.852941176470608,419.97575750034036
Sweden,175500,173200,193600,190700,193300,211400,188400,211900,239700,262704,250052,268924,294728,342638,377947,370618,320568,341765,319079,269902,286042,229693,218349,220471,205540,207282,205299,182864,185577,198202,233516,257325,255840,261717,274618,239718,215309,214412,250963,257697,260106,245001,314664,347801,394224,412127,379142,364066,416363,357260,343368,132.95384615384614,0.4846153846153811,126.90767501762342
Switzerland,2000,2000,2000,2000,2000,2000,2000,2000,2000,2500,2500,2800,2800,3300,2800,2700,3000,3000,3500,3500,2400,2800,3600,3600,3800,3900,3915,3982,3820,3890,3500,3676,3369,3540,4113,4564,4657,4523,4227,4483,4228,4829,3945,2957,2716,2749,3002,3009,2959,2975,2759,164.79999999999998,0.9529411764705742,142.48773789489007
Syrian Arab Republic,900,900,1100,1100,1300,1300,1300,1400,1400,1500,1500,1600,1600,1600,1600,1700,1700,1700,1801,1804,1700,2100,1600,1345,1650,2001,3307,3617,3755,3826,3971,3838,4063,4410,5414,5887,5299,5381,5533,5095,5775,7721,9654,9189,10041,11639,12128,11727,14330,14017,13369,747.1111111111111,9.516339869281069,326.96688371598407
Taiwan Province of China,102010,108036,123898,133404,154679,182542,195365,209814,231555,248370,261460,315250,333845,353391,379145,387369,426625,459825,532867,562612,612605,650078,694063,757568,695725,778690,808889,845197,883621,928358,935290,910643,921619,930127,1001858,1037137,1094381,1236044,1357182,1371561,1455332,1316120,1326665,1419030,1255225,1296791,1239937,1308284,1347166,1362897,1350399,802.9732379178512,10.337841734086055,331.0614925858791
Tajikistan,0,0,0,0,0,0,0,0,0,0,0,0,0,0,0,0,0,0,0,0,0,0,0,0,0,0,0,0,0,0,0,0,0,0,0,0,0,0,3536,3547,3887,3945,2023,2715,1107,384,203,191,216,224,253,44.68325791855204,0.6571067340963523,419.97575750034036
"Tanzania, United Rep. of",32600,32600,35600,60000,59900,62500,65100,65600,65600,70500,70800,73100,73300,79000,103000,104700,104200,131000,155600,154200,191220,183601,158026,164192,174826,212076,233744,272541,213484,182832,231192,233897,230886,242774,280909,304787,314000,346498,397457,381998,418339,330754,335086,336067,293049,364555,328621,361770,353200,316200,328474,1199.09509202454,16.163163118008015,418.26127680565736
Thailand,183590,192810,197630,211390,236570,220190,225820,243245,205270,214405,231420,316340,351160,430905,590050,629865,722092,861366,1102121,1285154,1437837,1587432,1679152,1679559,1516024,1548924,1661315,2191381,2101681,1954258,1799988,1990460,2121455,2261922,2140261,2233375,2541990,2785311,2652089,2704781,2789953,2972104,3246490,3385003,3524996,3590578,3570116,3442715,3524933,3646070,3735279,1415.1097554333023,19.339849344607273,432.3342809693799
Timor-Leste,0,0,0,0,0,0,0,0,0,0,0,0,0,0,0,0,0,0,0,0,0,0,0,0,0,0,0,0,0,0,0,0,0,0,0,0,0,0,0,0,0,0,0,0,0,0,0,0,0,3401,3621,141.42899147309615,2.079838109898475,419.97575750034036
Togo,3000,3000,3000,3300,3200,3500,3600,4000,3400,3400,3500,4000,4300,4500,5000,6000,7300,7500,10000,10000,9111,10921,10942,11333,11150,14420,12820,10847,15363,8096,9134,10325,14530,14878,14715,15574,14838,15189,15469,16458,15800,12524,10899,17114,13202,12221,15119,14310,16702,22944,22297,830.3333333333333,10.740196078431268,389.74545602067525
Tokelau,0,0,0,0,0,0,0,0,0,0,0,0,0,0,0,0,0,0,0,0,100,100,100,100,100,100,100,100,100,100,100,100,100,100,150,150,150,200,200,200,220,231,191,200,200,200,200,200,190,180,160,74.0,1.088235294117652,419.97575750034036
Tonga,200,200,200,200,300,300,300,300,300,300,400,400,400,400,400,500,500,500,500,500,400,500,500,600,726,901,1019,1197,1210,2000,1994,2093,2134,2237,2385,2561,2814,2790,2731,2699,1644,1935,2237,2375,2499,2727,2955,2924,4172,4698,4308,631.0,7.808823529411711,323.29185647303706
Trinidad and Tobago,1000,1000,1000,1100,1500,1600,1600,1700,1700,2000,2400,2400,2400,2400,2400,3000,3000,3200,3400,3400,3600,4100,3700,4000,3725,4417,4417,4303,4823,3840,4461,3804,4574,4541,3764,5560,4347,7714,9211,11468,12364,11504,13003,9002,14050,11515,9450,11296,14859,14707,14259,1317.8000000000002,17.90882352941162,480.8005753755369
Tunisia,11965,15460,13290,11720,11455,11001,12350,14300,15450,15044,16650,21800,20804,26060,21676,23201,26193,28207,28484,30127,22660,25870,28289,30674,42347,45273,50033,55738,56411,59728,61102,58042,63806,68100,75781,89755,91340,97711,100165,93936,85226,86506,87347,83400,86912,84200,84870,88236,89917,93474,96206,1068.6669452569995,14.245102136132346,376.0766955827123
Turkey,89700,100100,99300,92700,110610,103210,125820,108930,95240,94550,87860,81280,60200,130420,121150,134580,117056,188163,133578,169580,174241,160880,175487,146974,129418,122494,153520,165435,245221,350902,428225,471720,505206,559267,569156,580769,582916,627998,674004,454841,384986,364784,456459,557973,603574,652585,553629,504605,543901,636827,582383,697.6321070234114,8.788707456226689,371.60603053767676
Turkmenistan,0,0,0,0,0,0,0,0,0,0,0,0,0,0,0,0,0,0,0,0,0,0,0,0,0,0,0,0,0,0,0,0,0,0,0,0,0,0,46825,52974,44895,43040,33727,18243,17265,11409,9321,8784,7573,9131,12296,32.18366257341164,0.47328915549135075,419.97575750034036
Turks and Caicos Is.,730,730,730,730,730,730,730,730,730,730,830,830,1360,1460,1460,1460,1460,1560,1560,1560,1230,1230,1430,1430,1759,3299,4064,2464,3609,4662,3598,2628,2734,3967,3547,4608,5266,2942,3735,3878,2773,3300,3081,4632,4346,5582,5497,4170,4219,4580,3703,305.6164383561644,3.023771152296547,270.8795000551041
Tuvalu,0,0,0,0,0,0,0,0,0,0,0,0,0,0,0,0,0,0,0,0,0,0,0,0,0,0,0,0,80,100,150,180,429,784,840,313,660,933,1409,519,518,526,499,1460,561,399,400,500,500,500,500,15906.25,233.91544117646845,419.97575750034036
US Virgin Islands,200,200,200,300,300,300,300,400,400,400,500,500,500,500,500,500,600,600,600,600,600,600,500,500,500,503,500,602,557,547,688,618,891,615,703,618,939,901,694,805,702,904,940,1000,1070,1170,1240,1310,1480,1549,1673,147.5,0.6985294117646959,164.0788357624841
Uganda,15000,20000,23000,23400,24600,34900,45700,51300,53400,55800,62600,61200,64500,69600,70500,76300,83300,99600,108400,125300,129000,137000,166000,169500,167500,188000,152400,219220,223830,179930,165840,166590,170035,172000,212331,160833,197635,200038,214325,212247,245275,214633,264977,219901,213308,208983,195298,218386,220948,226572,220176,3620.6066666666666,51.77362745098071,749.1502194826794
Ukraine,0,0,0,0,0,0,0,0,0,0,0,0,0,0,0,0,0,0,0,0,0,0,0,0,0,0,0,0,0,0,0,0,0,0,0,0,0,0,1065154,993193,954497,762061,524124,365945,320991,426256,441151,399167,490859,442697,422836,7.152111337891047,0.10517810791016213,419.97575750034036
Un. Sov. Soc. Rep.,1749294,1998272,1961350,2005321,2285809,2530845,2644245,2569270,2671107,2815512,3121163,3319844,3705119,4056789,4579951,5209803,5426992,5863925,6206419,6725015,7427675,7407580,8001789,8884021,9332375,10133548,10285286,9411940,9127015,9165897,9660146,9697570,10116203,9968720,10661493,10706186,11385782,11382525,422745,324728,423411,325681,0,0,0,0,0,0,0,0,0,0.0,0.0,61.05004582313484
United Arab Emirates,12000,12000,12000,12000,15000,15000,15000,20000,20000,30000,30000,30000,35000,35000,35000,38000,38000,40000,40000,40000,40000,43000,43000,43000,67800,67800,64600,64600,64600,64600,64600,67760,69755,72716,72723,72267,79328,85252,89506,91162,95129,92336,95046,99600,108600,105884,107000,114358,114739,117607,105456,636.25,7.886029411764639,287.9059914386219
United Kingdom,931830,1118430,1235130,1197030,1130130,1157235,1127935,1083735,1066435,1059435,1015201,953738,1003998,1007404,1034341,1115108,1138042,1101935,1115840,1162368,1172967,1204252,1169926,1213294,1172709,1065062,1125990,1079911,1115671,992599,895513,881047,915138,850643,845283,901415,860455,953345,948323,914948,821713,858108,875533,933772,969402,1011201,985986,1028751,1060640,995519,906963,96.35287552450556,-0.05363418346315996,102.19628112961385
United States of America,2691843,2520757,2551249,2614367,2683421,2720712,2894135,2651461,2622956,2866118,2819044,2954551,3007924,2777749,2643835,2782558,2556493,2439025,2542058,2555898,2962979,3050820,2946225,2978682,3053006,3065741,3272174,3211927,3636483,3722375,3871666,3931242,4214399,4421463,5048224,5043435,5253141,6077501,6028270,5860434,5935985,5607544,5688634,6024938,6043579,5622646,5462704,5594191,5290998,5441932,5245362,194.11169224951084,1.3839954742575173,146.4857802665448
Uruguay,3500,3500,3500,3400,4000,4900,5400,6900,5400,5900,10900,10500,7700,8100,12200,15800,12500,10900,11000,12700,13200,14400,20600,17500,16000,26333,33804,48374,74299,108170,120399,146919,118988,143416,132969,138413,140753,137805,107347,121716,90832,143714,125758,118820,120742,126466,123351,136973,140726,106615,113411,1916.4857142857145,26.713025210084197,662.9035512579835
Uzbekistan,0,0,0,0,0,0,0,0,0,0,0,0,0,0,0,0,0,0,0,0,0,0,0,0,0,0,0,0,0,0,0,0,0,0,0,0,0,0,26221,25526,26763,27439,26479,23401,17654,13808,7206,10565,9765,8964,8958,346.98905457457766,5.102780214332029,419.97575750034036
Vanuatu,500,500,500,600,600,900,1000,1000,1000,1000,1400,1400,1400,1500,1500,1800,1800,1800,1800,1800,2100,2200,2300,2400,2510,2610,2710,2816,2825,2819,2937,2715,2715,2542,2956,8196,16888,20078,25886,27200,41975,44367,45019,40755,47357,57904,47696,70357,75019,91433,70589,2040.2,28.532352941176214,1157.4640657471582
"Venezuela, Boliv Rep of",78400,75000,62500,63300,51800,69600,61300,83700,78300,83300,84700,84920,94916,97307,110611,119408,116929,107528,126105,134115,126740,139076,152265,162686,145476,154797,150777,154762,182930,168389,188205,181446,211234,230895,260239,265578,285129,299368,285342,328161,336449,340386,333292,398853,442520,506739,503684,479269,514093,411273,373144,388.2448979591837,4.238895558223305,234.9945854236693
Viet Nam,70600,70630,70650,70780,140810,214850,250480,265420,300070,360110,473160,474120,544980,629940,648510,676590,682170,712460,711850,765750,618000,688300,778500,814300,572800,546800,610800,588800,584000,601000,559660,597866,662208,758138,777308,809510,830322,869000,885033,954939,941227,999174,1041006,1120204,1369993,1474008,1531932,1608703,1647874,1897168,2143129,10596.37252124646,154.35841943009473,1487.9070740348852
Wallis and Futuna Is.,30,30,30,30,30,30,40,40,40,40,40,50,50,50,50,50,50,50,50,50,50,50,50,60,60,60,60,60,60,70,70,70,70,70,70,80,80,95,115,118,97,104,160,166,227,200,210,206,325,325,330,866.6666666666666,11.274509803921546,399.658845793426
Western Sahara,0,0,0,0,0,0,0,0,0,0,0,0,0,0,0,0,0,0,0,0,0,0,0,0,0,0,0,0,0,0,0,0,0,0,0,0,0,0,0,0,0,0,0,0,0,0,0,0,0,0,0,728.6688741721855,0.0,50.0
Yemen,25000,25000,29300,30000,30000,34800,21800,22600,21500,24400,22300,22000,22000,22000,25000,25000,25000,27000,27000,27000,27400,26400,31600,43200,51244,50829,65022,66096,67047,69600,78444,71164,55449,57906,64273,73855,73018,72916,73943,71881,77310,85998,79893,82356,81885,107970,104955,115654,127620,124384,114750,525.232,6.253411764705902,286.35318280640706
Yugoslavia SFR,27381,23784,22812,26007,23277,22609,28444,30903,31754,29627,31194,37779,30702,34854,38768,42498,46084,48457,45493,44326,46478,49716,49520,50852,54429,56840,59060,61113,63157,56648,58581,71856,66804,79929,73620,75286,77846,81644,72151,72046,65836,36798,0,0,0,0,0,0,0,0,0,0.0,0.0,63.4719611729682
Zambia,10000,10000,15000,15000,15000,17500,18400,26200,26900,20900,19500,20400,22200,40100,42300,40100,40100,38500,41300,44000,52100,46800,49900,50400,46929,57464,54267,53737,47577,49526,51015,39598,55881,54377,65895,68363,56924,64984,61977,68106,66328,68945,71564,70423,74587,74627,71102,70641,74097,71507,70911,1083.0,14.455882352941217,409.47017814863204
Zanzibar,0,0,0,0,0,0,0,0,0,0,0,0,0,0,0,0,0,0,0,0,0,0,0,0,0,0,0,0,0,0,0,0,0,0,0,0,0,0,0,0,8080,24970,21230,17680,24590,39170,47740,36670,43050,36670,67832,1716.0891089108911,25.236604542807072,419.97575750034036
Zimbabwe,300,300,300,500,500,500,1000,1000,1000,1000,1300,1300,1300,1300,1900,2000,2000,2000,2000,2000,2000,2500,3002,3012,3109,3685,4550,4771,7772,9874,13288,16432,17515,13613,16415,17400,18952,19184,22222,24055,25764,22159,21733,21360,20349,16613,16557,18326,16541,13613,15265,9028.333333333334,131.29901960784446,1276.278997744374
